entry,at,order
"The player ""Ross @ LOERDmAtl8"" passed the room ownership to ""Mathew Seng @ -yLO6kBeFp"".",2023-04-08T19:18:14.909Z,168098149490900
"The player ""Charlie @ t_DJrn6N80"" quits the game with a stack of 0.",2023-04-08T19:12:32.903Z,168098115290300
"-- ending hand #46 --",2023-04-08T19:12:26.900Z,168098114690001
"""Mathew Seng @ -yLO6kBeFp"" collected 3336 from pot with Two Pair, K's & 7's (combination: K♠, K♥, 7♥, 7♣, Q♥)",2023-04-08T19:12:26.900Z,168098114690000
"River: 6♦, K♠, 2♦, K♥ [Q♥]",2023-04-08T19:12:22.860Z,168098114286000
"Turn: 6♦, K♠, 2♦ [K♥]",2023-04-08T19:12:18.841Z,168098113884100
"Flop:  [6♦, K♠, 2♦]",2023-04-08T19:12:14.790Z,168098113479000
"""Mathew Seng @ -yLO6kBeFp"" shows a 7♥, 7♣.",2023-04-08T19:12:10.776Z,168098113077601
"""Charlie @ t_DJrn6N80"" shows a 9♣, A♣.",2023-04-08T19:12:10.776Z,168098113077600
"""Charlie @ t_DJrn6N80"" calls 1660 and go all in",2023-04-08T19:12:09.921Z,168098112992100
"""Mathew Seng @ -yLO6kBeFp"" raises to 1660",2023-04-08T19:12:02.987Z,168098112298700
"""Charlie @ t_DJrn6N80"" raises to 240",2023-04-08T19:11:42.757Z,168098110275700
"""Mathew Seng @ -yLO6kBeFp"" posts a big blind of 80",2023-04-08T19:11:40.511Z,168098110051107
"""Charlie @ t_DJrn6N80"" posts a small blind of 40",2023-04-08T19:11:40.511Z,168098110051106
"""Mathew Seng @ -yLO6kBeFp"" posts an ante of 8",2023-04-08T19:11:40.511Z,168098110051105
"""Charlie @ t_DJrn6N80"" posts an ante of 8",2023-04-08T19:11:40.511Z,168098110051104
"Your hand is 7♥, 7♣",2023-04-08T19:11:40.511Z,168098110051103
"Player stacks: #4 ""Charlie @ t_DJrn6N80"" (1668) | #6 ""Mathew Seng @ -yLO6kBeFp"" (6332)",2023-04-08T19:11:40.511Z,168098110051101
"-- starting hand #46 (id: 8sm9eeutrbee)  (No Limit Texas Hold'em) (dealer: ""Charlie @ t_DJrn6N80"") --",2023-04-08T19:11:40.511Z,168098110051100
"-- ending hand #45 --",2023-04-08T19:11:37.579Z,168098109757902
"""Mathew Seng @ -yLO6kBeFp"" collected 336 from pot",2023-04-08T19:11:37.579Z,168098109757901
"Uncalled bet of 504 returned to ""Mathew Seng @ -yLO6kBeFp""",2023-04-08T19:11:37.579Z,168098109757900
"""Charlie @ t_DJrn6N80"" folds",2023-04-08T19:11:36.753Z,168098109675300
"""Mathew Seng @ -yLO6kBeFp"" bets 504",2023-04-08T19:11:31.729Z,168098109172900
"""Charlie @ t_DJrn6N80"" checks",2023-04-08T19:11:10.737Z,168098107073700
"River: 4♠, 10♣, 7♦, Q♥ [7♠]",2023-04-08T19:11:07.748Z,168098106774800
"""Mathew Seng @ -yLO6kBeFp"" checks",2023-04-08T19:11:06.885Z,168098106688500
"""Charlie @ t_DJrn6N80"" checks",2023-04-08T19:10:46.431Z,168098104643100
"Turn: 4♠, 10♣, 7♦ [Q♥]",2023-04-08T19:10:44.958Z,168098104495800
"""Charlie @ t_DJrn6N80"" calls 80",2023-04-08T19:10:44.131Z,168098104413100
"""Mathew Seng @ -yLO6kBeFp"" bets 80",2023-04-08T19:10:42.328Z,168098104232800
"""Charlie @ t_DJrn6N80"" checks",2023-04-08T19:10:22.207Z,168098102220700
"Flop:  [4♠, 10♣, 7♦]",2023-04-08T19:10:21.018Z,168098102101800
"""Charlie @ t_DJrn6N80"" checks",2023-04-08T19:10:20.152Z,168098102015200
"""Mathew Seng @ -yLO6kBeFp"" calls 80",2023-04-08T19:10:17.228Z,168098101722800
"""Charlie @ t_DJrn6N80"" posts a big blind of 80",2023-04-08T19:10:00.304Z,168098100030407
"""Mathew Seng @ -yLO6kBeFp"" posts a small blind of 40",2023-04-08T19:10:00.304Z,168098100030406
"""Mathew Seng @ -yLO6kBeFp"" posts an ante of 8",2023-04-08T19:10:00.304Z,168098100030405
"""Charlie @ t_DJrn6N80"" posts an ante of 8",2023-04-08T19:10:00.304Z,168098100030404
"Your hand is 8♦, 5♥",2023-04-08T19:10:00.304Z,168098100030403
"Player stacks: #4 ""Charlie @ t_DJrn6N80"" (1836) | #6 ""Mathew Seng @ -yLO6kBeFp"" (6164)",2023-04-08T19:10:00.304Z,168098100030401
"-- starting hand #45 (id: jsopbkhglbyf)  (No Limit Texas Hold'em) (dealer: ""Mathew Seng @ -yLO6kBeFp"") --",2023-04-08T19:10:00.304Z,168098100030400
"-- ending hand #44 --",2023-04-08T19:09:57.320Z,168098099732002
"""Charlie @ t_DJrn6N80"" collected 496 from pot",2023-04-08T19:09:57.320Z,168098099732001
"Uncalled bet of 160 returned to ""Charlie @ t_DJrn6N80""",2023-04-08T19:09:57.320Z,168098099732000
"""Mathew Seng @ -yLO6kBeFp"" folds",2023-04-08T19:09:56.516Z,168098099651600
"""Charlie @ t_DJrn6N80"" bets 160",2023-04-08T19:09:54.411Z,168098099441100
"""Mathew Seng @ -yLO6kBeFp"" checks",2023-04-08T19:09:50.055Z,168098099005500
"Flop:  [2♥, 2♣, J♠]",2023-04-08T19:09:47.391Z,168098098739100
"""Mathew Seng @ -yLO6kBeFp"" calls 240",2023-04-08T19:09:46.534Z,168098098653400
"""Charlie @ t_DJrn6N80"" raises to 240",2023-04-08T19:09:26.802Z,168098096680200
"""Mathew Seng @ -yLO6kBeFp"" posts a big blind of 80",2023-04-08T19:09:24.572Z,168098096457207
"""Charlie @ t_DJrn6N80"" posts a small blind of 40",2023-04-08T19:09:24.572Z,168098096457206
"""Mathew Seng @ -yLO6kBeFp"" posts an ante of 8",2023-04-08T19:09:24.572Z,168098096457205
"""Charlie @ t_DJrn6N80"" posts an ante of 8",2023-04-08T19:09:24.572Z,168098096457204
"Your hand is 5♦, 9♦",2023-04-08T19:09:24.572Z,168098096457203
"Player stacks: #4 ""Charlie @ t_DJrn6N80"" (1588) | #6 ""Mathew Seng @ -yLO6kBeFp"" (6412)",2023-04-08T19:09:24.572Z,168098096457201
"-- starting hand #44 (id: 3ksdxihtnaby)  (No Limit Texas Hold'em) (dealer: ""Charlie @ t_DJrn6N80"") --",2023-04-08T19:09:24.572Z,168098096457200
"-- ending hand #43 --",2023-04-08T19:09:18.566Z,168098095856602
"""Charlie @ t_DJrn6N80"" collected 176 from pot with Pair, 8's (combination: 8♥, 8♣, K♣, Q♥, 6♥)",2023-04-08T19:09:18.566Z,168098095856601
"""Charlie @ t_DJrn6N80"" shows a 3♠, 8♥.",2023-04-08T19:09:18.566Z,168098095856600
"""Mathew Seng @ -yLO6kBeFp"" checks",2023-04-08T19:09:17.688Z,168098095768800
"""Charlie @ t_DJrn6N80"" checks",2023-04-08T19:09:01.778Z,168098094177800
"River: K♣, 5♣, Q♥, 8♣ [6♥]",2023-04-08T19:08:59.756Z,168098093975600
"""Mathew Seng @ -yLO6kBeFp"" checks",2023-04-08T19:08:58.860Z,168098093886000
"""Charlie @ t_DJrn6N80"" checks",2023-04-08T19:08:40.686Z,168098092068600
"Turn: K♣, 5♣, Q♥ [8♣]",2023-04-08T19:08:31.911Z,168098091191100
"""Mathew Seng @ -yLO6kBeFp"" checks",2023-04-08T19:08:31.030Z,168098091103000
"""Charlie @ t_DJrn6N80"" checks",2023-04-08T19:08:14.963Z,168098089496300
"Flop:  [K♣, 5♣, Q♥]",2023-04-08T19:08:13.744Z,168098089374400
"""Charlie @ t_DJrn6N80"" checks",2023-04-08T19:08:12.896Z,168098089289600
"""Mathew Seng @ -yLO6kBeFp"" calls 80",2023-04-08T19:08:11.228Z,168098089122800
"""Charlie @ t_DJrn6N80"" posts a big blind of 80",2023-04-08T19:07:51.718Z,168098087171807
"""Mathew Seng @ -yLO6kBeFp"" posts a small blind of 40",2023-04-08T19:07:51.718Z,168098087171806
"""Mathew Seng @ -yLO6kBeFp"" posts an ante of 8",2023-04-08T19:07:51.718Z,168098087171805
"""Charlie @ t_DJrn6N80"" posts an ante of 8",2023-04-08T19:07:51.718Z,168098087171804
"Your hand is 7♠, J♠",2023-04-08T19:07:51.718Z,168098087171803
"Player stacks: #4 ""Charlie @ t_DJrn6N80"" (1500) | #6 ""Mathew Seng @ -yLO6kBeFp"" (6500)",2023-04-08T19:07:51.718Z,168098087171801
"-- starting hand #43 (id: tqufpzgnluwh)  (No Limit Texas Hold'em) (dealer: ""Mathew Seng @ -yLO6kBeFp"") --",2023-04-08T19:07:51.718Z,168098087171800
"-- ending hand #42 --",2023-04-08T19:07:48.764Z,168098086876402
"""Mathew Seng @ -yLO6kBeFp"" collected 96 from pot",2023-04-08T19:07:48.764Z,168098086876401
"Uncalled bet of 40 returned to ""Mathew Seng @ -yLO6kBeFp""",2023-04-08T19:07:48.764Z,168098086876400
"""Charlie @ t_DJrn6N80"" folds",2023-04-08T19:07:47.958Z,168098086795800
"""Mathew Seng @ -yLO6kBeFp"" posts a big blind of 80",2023-04-08T19:07:43.754Z,168098086375407
"""Charlie @ t_DJrn6N80"" posts a small blind of 40",2023-04-08T19:07:43.754Z,168098086375406
"""Mathew Seng @ -yLO6kBeFp"" posts an ante of 8",2023-04-08T19:07:43.754Z,168098086375405
"""Charlie @ t_DJrn6N80"" posts an ante of 8",2023-04-08T19:07:43.754Z,168098086375404
"Your hand is 2♦, 7♦",2023-04-08T19:07:43.754Z,168098086375403
"Player stacks: #4 ""Charlie @ t_DJrn6N80"" (1548) | #6 ""Mathew Seng @ -yLO6kBeFp"" (6452)",2023-04-08T19:07:43.754Z,168098086375401
"-- starting hand #42 (id: stn3krpevvzq)  (No Limit Texas Hold'em) (dealer: ""Charlie @ t_DJrn6N80"") --",2023-04-08T19:07:43.754Z,168098086375400
"-- ending hand #41 --",2023-04-08T19:07:40.840Z,168098086084002
"""Charlie @ t_DJrn6N80"" collected 176 from pot",2023-04-08T19:07:40.840Z,168098086084001
"Uncalled bet of 240 returned to ""Charlie @ t_DJrn6N80""",2023-04-08T19:07:40.840Z,168098086084000
"""Mathew Seng @ -yLO6kBeFp"" folds",2023-04-08T19:07:39.967Z,168098085996700
"""Charlie @ t_DJrn6N80"" raises to 320",2023-04-08T19:07:31.222Z,168098085122200
"""Mathew Seng @ -yLO6kBeFp"" calls 80",2023-04-08T19:07:27.588Z,168098084758800
"""Charlie @ t_DJrn6N80"" posts a big blind of 80",2023-04-08T19:07:08.417Z,168098082841707
"""Mathew Seng @ -yLO6kBeFp"" posts a small blind of 40",2023-04-08T19:07:08.417Z,168098082841706
"""Mathew Seng @ -yLO6kBeFp"" posts an ante of 8",2023-04-08T19:07:08.417Z,168098082841705
"""Charlie @ t_DJrn6N80"" posts an ante of 8",2023-04-08T19:07:08.417Z,168098082841704
"Your hand is J♥, 4♠",2023-04-08T19:07:08.417Z,168098082841703
"Player stacks: #4 ""Charlie @ t_DJrn6N80"" (1460) | #6 ""Mathew Seng @ -yLO6kBeFp"" (6540)",2023-04-08T19:07:08.417Z,168098082841701
"-- starting hand #41 (id: 30fkyvb7mq0b)  (No Limit Texas Hold'em) (dealer: ""Mathew Seng @ -yLO6kBeFp"") --",2023-04-08T19:07:08.417Z,168098082841700
"-- ending hand #40 --",2023-04-08T19:07:05.412Z,168098082541202
"""Charlie @ t_DJrn6N80"" collected 692 from pot",2023-04-08T19:07:05.412Z,168098082541201
"Uncalled bet of 768 returned to ""Charlie @ t_DJrn6N80""",2023-04-08T19:07:05.412Z,168098082541200
"""Mathew Seng @ -yLO6kBeFp"" folds",2023-04-08T19:07:04.511Z,168098082451100
"""Charlie @ t_DJrn6N80"" raises to 906 and go all in",2023-04-08T19:07:02.638Z,168098082263800
"""Mathew Seng @ -yLO6kBeFp"" bets 138",2023-04-08T19:06:57.180Z,168098081718000
"Flop:  [2♠, J♠, 7♥]",2023-04-08T19:06:37.063Z,168098079706300
"""Charlie @ t_DJrn6N80"" calls 200",2023-04-08T19:06:36.223Z,168098079622300
"""Mathew Seng @ -yLO6kBeFp"" raises to 200",2023-04-08T19:06:30.752Z,168098079075200
"""Charlie @ t_DJrn6N80"" calls 80",2023-04-08T19:06:06.583Z,168098076658300
"""Mathew Seng @ -yLO6kBeFp"" posts a big blind of 80",2023-04-08T19:06:03.956Z,168098076395607
"""Charlie @ t_DJrn6N80"" posts a small blind of 40",2023-04-08T19:06:03.956Z,168098076395606
"""Mathew Seng @ -yLO6kBeFp"" posts an ante of 8",2023-04-08T19:06:03.956Z,168098076395605
"""Charlie @ t_DJrn6N80"" posts an ante of 8",2023-04-08T19:06:03.956Z,168098076395604
"Your hand is Q♥, 8♠",2023-04-08T19:06:03.956Z,168098076395603
"Player stacks: #4 ""Charlie @ t_DJrn6N80"" (1114) | #6 ""Mathew Seng @ -yLO6kBeFp"" (6886)",2023-04-08T19:06:03.956Z,168098076395601
"-- starting hand #40 (id: rronsguakowr)  (No Limit Texas Hold'em) (dealer: ""Charlie @ t_DJrn6N80"") --",2023-04-08T19:06:03.956Z,168098076395600
"-- ending hand #39 --",2023-04-08T19:06:01.006Z,168098076100602
"""Charlie @ t_DJrn6N80"" collected 176 from pot",2023-04-08T19:06:01.006Z,168098076100601
"Uncalled bet of 938 returned to ""Charlie @ t_DJrn6N80""",2023-04-08T19:06:01.006Z,168098076100600
"""Mathew Seng @ -yLO6kBeFp"" folds",2023-04-08T19:06:00.184Z,168098076018400
"""Charlie @ t_DJrn6N80"" raises to 1018 and go all in",2023-04-08T19:05:58.645Z,168098075864500
"""Mathew Seng @ -yLO6kBeFp"" calls 80",2023-04-08T19:05:56.338Z,168098075633800
"""Charlie @ t_DJrn6N80"" posts a big blind of 80",2023-04-08T19:05:37.061Z,168098073706107
"""Mathew Seng @ -yLO6kBeFp"" posts a small blind of 40",2023-04-08T19:05:37.061Z,168098073706106
"""Mathew Seng @ -yLO6kBeFp"" posts an ante of 8",2023-04-08T19:05:37.061Z,168098073706105
"""Charlie @ t_DJrn6N80"" posts an ante of 8",2023-04-08T19:05:37.061Z,168098073706104
"Your hand is 3♦, 9♥",2023-04-08T19:05:37.061Z,168098073706103
"Player stacks: #4 ""Charlie @ t_DJrn6N80"" (1026) | #6 ""Mathew Seng @ -yLO6kBeFp"" (6974)",2023-04-08T19:05:37.061Z,168098073706101
"-- starting hand #39 (id: todr7x7zvcvo)  (No Limit Texas Hold'em) (dealer: ""Mathew Seng @ -yLO6kBeFp"") --",2023-04-08T19:05:37.061Z,168098073706100
"-- ending hand #38 --",2023-04-08T19:05:34.132Z,168098073413202
"""Mathew Seng @ -yLO6kBeFp"" collected 96 from pot",2023-04-08T19:05:34.132Z,168098073413201
"Uncalled bet of 40 returned to ""Mathew Seng @ -yLO6kBeFp""",2023-04-08T19:05:34.132Z,168098073413200
"""Charlie @ t_DJrn6N80"" folds",2023-04-08T19:05:33.299Z,168098073329900
"""Mathew Seng @ -yLO6kBeFp"" posts a big blind of 80",2023-04-08T19:05:25.254Z,168098072525407
"""Charlie @ t_DJrn6N80"" posts a small blind of 40",2023-04-08T19:05:25.254Z,168098072525406
"""Mathew Seng @ -yLO6kBeFp"" posts an ante of 8",2023-04-08T19:05:25.254Z,168098072525405
"""Charlie @ t_DJrn6N80"" posts an ante of 8",2023-04-08T19:05:25.254Z,168098072525404
"Your hand is A♠, 6♠",2023-04-08T19:05:25.254Z,168098072525403
"Player stacks: #4 ""Charlie @ t_DJrn6N80"" (1074) | #6 ""Mathew Seng @ -yLO6kBeFp"" (6926)",2023-04-08T19:05:25.254Z,168098072525401
"-- starting hand #38 (id: reeqk6rh8mad)  (No Limit Texas Hold'em) (dealer: ""Charlie @ t_DJrn6N80"") --",2023-04-08T19:05:25.254Z,168098072525400
"-- ending hand #37 --",2023-04-08T19:05:22.249Z,168098072224902
"""Charlie @ t_DJrn6N80"" collected 176 from pot",2023-04-08T19:05:22.249Z,168098072224901
"Uncalled bet of 898 returned to ""Charlie @ t_DJrn6N80""",2023-04-08T19:05:22.249Z,168098072224900
"""Mathew Seng @ -yLO6kBeFp"" folds",2023-04-08T19:05:21.382Z,168098072138200
"""Charlie @ t_DJrn6N80"" raises to 978 and go all in",2023-04-08T19:05:14.737Z,168098071473700
"""Mathew Seng @ -yLO6kBeFp"" calls 80",2023-04-08T19:05:10.727Z,168098071072700
"""Charlie @ t_DJrn6N80"" posts a big blind of 80",2023-04-08T19:04:51.688Z,168098069168810
"""Mathew Seng @ -yLO6kBeFp"" posts a small blind of 40",2023-04-08T19:04:51.688Z,168098069168809
"""Mathew Seng @ -yLO6kBeFp"" posts an ante of 8",2023-04-08T19:04:51.688Z,168098069168808
"""Charlie @ t_DJrn6N80"" posts an ante of 8",2023-04-08T19:04:51.688Z,168098069168807
"Your hand is 7♠, 10♥",2023-04-08T19:04:51.688Z,168098069168806
"Player stacks: #4 ""Charlie @ t_DJrn6N80"" (986) | #6 ""Mathew Seng @ -yLO6kBeFp"" (7014)",2023-04-08T19:04:51.688Z,168098069168804
"-- starting hand #37 (id: drtxmdnb1k8j)  (No Limit Texas Hold'em) (dealer: ""Mathew Seng @ -yLO6kBeFp"") --",2023-04-08T19:04:51.688Z,168098069168803
"The game's ante was changed from 6 to 8.",2023-04-08T19:04:51.688Z,168098069168802
"The game's big blind was changed from 60 to 80.",2023-04-08T19:04:51.688Z,168098069168801
"The game's small blind was changed from 30 to 40.",2023-04-08T19:04:51.688Z,168098069168800
"""Charlie @ t_DJrn6N80"" shows a 6♣, J♣.",2023-04-08T19:04:49.245Z,168098068924500
"-- ending hand #36 --",2023-04-08T19:04:48.086Z,168098068808602
"""Charlie @ t_DJrn6N80"" collected 252 from pot",2023-04-08T19:04:48.086Z,168098068808601
"Uncalled bet of 734 returned to ""Charlie @ t_DJrn6N80""",2023-04-08T19:04:48.086Z,168098068808600
"""Mathew Seng @ -yLO6kBeFp"" folds",2023-04-08T19:04:47.268Z,168098068726800
"""Charlie @ t_DJrn6N80"" bets 734 and go all in",2023-04-08T19:04:27.809Z,168098066780900
"""Mathew Seng @ -yLO6kBeFp"" checks",2023-04-08T19:04:10.547Z,168098065054700
"River: 2♦, 10♠, 5♣, 3♥ [9♥]",2023-04-08T19:04:03.193Z,168098064319300
"""Charlie @ t_DJrn6N80"" calls 60",2023-04-08T19:04:02.322Z,168098064232200
"""Mathew Seng @ -yLO6kBeFp"" bets 60",2023-04-08T19:03:59.534Z,168098063953400
"Turn: 2♦, 10♠, 5♣ [3♥]",2023-04-08T19:03:49.370Z,168098062937000
"""Charlie @ t_DJrn6N80"" checks",2023-04-08T19:03:48.538Z,168098062853800
"""Mathew Seng @ -yLO6kBeFp"" checks",2023-04-08T19:03:45.962Z,168098062596200
"Flop:  [2♦, 10♠, 5♣]",2023-04-08T19:03:44.369Z,168098062436900
"""Mathew Seng @ -yLO6kBeFp"" checks",2023-04-08T19:03:43.534Z,168098062353400
"""Charlie @ t_DJrn6N80"" calls 60",2023-04-08T19:03:33.744Z,168098061374400
"""Mathew Seng @ -yLO6kBeFp"" posts a big blind of 60",2023-04-08T19:03:31.220Z,168098061122007
"""Charlie @ t_DJrn6N80"" posts a small blind of 30",2023-04-08T19:03:31.220Z,168098061122006
"""Mathew Seng @ -yLO6kBeFp"" posts an ante of 6",2023-04-08T19:03:31.220Z,168098061122005
"""Charlie @ t_DJrn6N80"" posts an ante of 6",2023-04-08T19:03:31.220Z,168098061122004
"Your hand is 2♥, 6♥",2023-04-08T19:03:31.220Z,168098061122003
"Player stacks: #4 ""Charlie @ t_DJrn6N80"" (860) | #6 ""Mathew Seng @ -yLO6kBeFp"" (7140)",2023-04-08T19:03:31.220Z,168098061122001
"-- starting hand #36 (id: 9gpahmwoprjj)  (No Limit Texas Hold'em) (dealer: ""Charlie @ t_DJrn6N80"") --",2023-04-08T19:03:31.220Z,168098061122000
"-- ending hand #35 --",2023-04-08T19:03:28.292Z,168098060829202
"""Charlie @ t_DJrn6N80"" collected 132 from pot",2023-04-08T19:03:28.292Z,168098060829201
"Uncalled bet of 132 returned to ""Charlie @ t_DJrn6N80""",2023-04-08T19:03:28.292Z,168098060829200
"""Mathew Seng @ -yLO6kBeFp"" folds",2023-04-08T19:03:27.443Z,168098060744300
"""Charlie @ t_DJrn6N80"" bets 132",2023-04-08T19:03:25.499Z,168098060549900
"Turn: Q♣, 8♥, 2♦ [6♥]",2023-04-08T19:03:21.412Z,168098060141200
"""Mathew Seng @ -yLO6kBeFp"" checks",2023-04-08T19:03:20.574Z,168098060057400
"""Charlie @ t_DJrn6N80"" checks",2023-04-08T19:03:00.324Z,168098058032400
"Flop:  [Q♣, 8♥, 2♦]",2023-04-08T19:02:59.091Z,168098057909100
"""Charlie @ t_DJrn6N80"" checks",2023-04-08T19:02:58.208Z,168098057820800
"""Mathew Seng @ -yLO6kBeFp"" calls 60",2023-04-08T19:02:55.760Z,168098057576000
"""Charlie @ t_DJrn6N80"" posts a big blind of 60",2023-04-08T19:02:37.349Z,168098055734907
"""Mathew Seng @ -yLO6kBeFp"" posts a small blind of 30",2023-04-08T19:02:37.349Z,168098055734906
"""Mathew Seng @ -yLO6kBeFp"" posts an ante of 6",2023-04-08T19:02:37.349Z,168098055734905
"""Charlie @ t_DJrn6N80"" posts an ante of 6",2023-04-08T19:02:37.349Z,168098055734904
"Your hand is 4♦, 9♣",2023-04-08T19:02:37.349Z,168098055734903
"Player stacks: #4 ""Charlie @ t_DJrn6N80"" (794) | #6 ""Mathew Seng @ -yLO6kBeFp"" (7206)",2023-04-08T19:02:37.349Z,168098055734901
"-- starting hand #35 (id: obxhcv58a1ag)  (No Limit Texas Hold'em) (dealer: ""Mathew Seng @ -yLO6kBeFp"") --",2023-04-08T19:02:37.349Z,168098055734900
"-- ending hand #34 --",2023-04-08T19:02:34.427Z,168098055442702
"""Mathew Seng @ -yLO6kBeFp"" collected 132 from pot",2023-04-08T19:02:34.427Z,168098055442701
"Uncalled bet of 794 returned to ""Mathew Seng @ -yLO6kBeFp""",2023-04-08T19:02:34.427Z,168098055442700
"""Charlie @ t_DJrn6N80"" folds",2023-04-08T19:02:33.568Z,168098055356800
"""Mathew Seng @ -yLO6kBeFp"" raises to 854",2023-04-08T19:02:30.795Z,168098055079500
"""Charlie @ t_DJrn6N80"" calls 60",2023-04-08T19:02:10.304Z,168098053030400
"""Mathew Seng @ -yLO6kBeFp"" posts a big blind of 60",2023-04-08T19:02:05.114Z,168098052511407
"""Charlie @ t_DJrn6N80"" posts a small blind of 30",2023-04-08T19:02:05.114Z,168098052511406
"""Mathew Seng @ -yLO6kBeFp"" posts an ante of 6",2023-04-08T19:02:05.114Z,168098052511405
"""Charlie @ t_DJrn6N80"" posts an ante of 6",2023-04-08T19:02:05.114Z,168098052511404
"Your hand is 6♠, 5♦",2023-04-08T19:02:05.114Z,168098052511403
"Player stacks: #4 ""Charlie @ t_DJrn6N80"" (860) | #6 ""Mathew Seng @ -yLO6kBeFp"" (7140)",2023-04-08T19:02:05.114Z,168098052511401
"-- starting hand #34 (id: zqs5iduzgbpb)  (No Limit Texas Hold'em) (dealer: ""Charlie @ t_DJrn6N80"") --",2023-04-08T19:02:05.114Z,168098052511400
"-- ending hand #33 --",2023-04-08T19:02:02.114Z,168098052211402
"""Mathew Seng @ -yLO6kBeFp"" collected 264 from pot",2023-04-08T19:02:02.114Z,168098052211401
"Uncalled bet of 198 returned to ""Mathew Seng @ -yLO6kBeFp""",2023-04-08T19:02:02.114Z,168098052211400
"""Charlie @ t_DJrn6N80"" folds",2023-04-08T19:02:01.236Z,168098052123600
"""Mathew Seng @ -yLO6kBeFp"" bets 198",2023-04-08T19:01:58.432Z,168098051843200
"""Charlie @ t_DJrn6N80"" checks",2023-04-08T19:01:38.208Z,168098049820800
"Turn: 3♦, 6♦, Q♠ [8♣]",2023-04-08T19:01:37.111Z,168098049711100
"""Charlie @ t_DJrn6N80"" calls 66",2023-04-08T19:01:36.283Z,168098049628300
"""Mathew Seng @ -yLO6kBeFp"" bets 66",2023-04-08T19:01:29.442Z,168098048944200
"""Charlie @ t_DJrn6N80"" checks",2023-04-08T19:01:08.688Z,168098046868800
"Flop:  [3♦, 6♦, Q♠]",2023-04-08T19:01:06.672Z,168098046667200
"""Charlie @ t_DJrn6N80"" checks",2023-04-08T19:01:05.865Z,168098046586500
"""Mathew Seng @ -yLO6kBeFp"" calls 60",2023-04-08T19:01:02.008Z,168098046200800
"""Charlie @ t_DJrn6N80"" posts a big blind of 60",2023-04-08T19:00:43.528Z,168098044352807
"""Mathew Seng @ -yLO6kBeFp"" posts a small blind of 30",2023-04-08T19:00:43.528Z,168098044352806
"""Mathew Seng @ -yLO6kBeFp"" posts an ante of 6",2023-04-08T19:00:43.528Z,168098044352805
"""Charlie @ t_DJrn6N80"" posts an ante of 6",2023-04-08T19:00:43.528Z,168098044352804
"Your hand is 3♠, Q♣",2023-04-08T19:00:43.528Z,168098044352803
"Player stacks: #4 ""Charlie @ t_DJrn6N80"" (992) | #6 ""Mathew Seng @ -yLO6kBeFp"" (7008)",2023-04-08T19:00:43.528Z,168098044352801
"-- starting hand #33 (id: zleqdhwdmf3c)  (No Limit Texas Hold'em) (dealer: ""Mathew Seng @ -yLO6kBeFp"") --",2023-04-08T19:00:43.528Z,168098044352800
"-- ending hand #32 --",2023-04-08T19:00:40.614Z,168098044061402
"""Mathew Seng @ -yLO6kBeFp"" collected 72 from pot",2023-04-08T19:00:40.614Z,168098044061401
"Uncalled bet of 30 returned to ""Mathew Seng @ -yLO6kBeFp""",2023-04-08T19:00:40.614Z,168098044061400
"""Charlie @ t_DJrn6N80"" folds",2023-04-08T19:00:39.769Z,168098043976900
"""Mathew Seng @ -yLO6kBeFp"" posts a big blind of 60",2023-04-08T19:00:37.525Z,168098043752507
"""Charlie @ t_DJrn6N80"" posts a small blind of 30",2023-04-08T19:00:37.525Z,168098043752506
"""Mathew Seng @ -yLO6kBeFp"" posts an ante of 6",2023-04-08T19:00:37.525Z,168098043752505
"""Charlie @ t_DJrn6N80"" posts an ante of 6",2023-04-08T19:00:37.525Z,168098043752504
"Your hand is 9♦, K♣",2023-04-08T19:00:37.525Z,168098043752503
"Player stacks: #4 ""Charlie @ t_DJrn6N80"" (1028) | #6 ""Mathew Seng @ -yLO6kBeFp"" (6972)",2023-04-08T19:00:37.525Z,168098043752501
"-- starting hand #32 (id: 8oczilgzdwzs)  (No Limit Texas Hold'em) (dealer: ""Charlie @ t_DJrn6N80"") --",2023-04-08T19:00:37.525Z,168098043752500
"-- ending hand #31 --",2023-04-08T19:00:31.497Z,168098043149703
"""Charlie @ t_DJrn6N80"" shows a 3♠, K♣.",2023-04-08T19:00:31.497Z,168098043149702
"""Mathew Seng @ -yLO6kBeFp"" collected 330 from pot with Pair, 4's (combination: 4♣, 4♦, A♣, Q♦, J♦)",2023-04-08T19:00:31.497Z,168098043149701
"""Mathew Seng @ -yLO6kBeFp"" shows a A♣, Q♦.",2023-04-08T19:00:31.497Z,168098043149700
"""Mathew Seng @ -yLO6kBeFp"" checks",2023-04-08T19:00:30.683Z,168098043068300
"""Charlie @ t_DJrn6N80"" checks",2023-04-08T19:00:12.894Z,168098041289400
"River: 4♣, 5♥, 4♦, 9♥ [J♦]",2023-04-08T19:00:05.331Z,168098040533100
"""Mathew Seng @ -yLO6kBeFp"" calls 99",2023-04-08T19:00:04.494Z,168098040449400
"""Charlie @ t_DJrn6N80"" bets 99",2023-04-08T18:59:44.183Z,168098038418300
"Turn: 4♣, 5♥, 4♦ [9♥]",2023-04-08T18:59:36.725Z,168098037672500
"""Mathew Seng @ -yLO6kBeFp"" checks",2023-04-08T18:59:35.878Z,168098037587800
"""Charlie @ t_DJrn6N80"" checks",2023-04-08T18:59:16.468Z,168098035646800
"Flop:  [4♣, 5♥, 4♦]",2023-04-08T18:59:15.104Z,168098035510400
"""Charlie @ t_DJrn6N80"" checks",2023-04-08T18:59:14.286Z,168098035428600
"""Mathew Seng @ -yLO6kBeFp"" calls 60",2023-04-08T18:59:00.680Z,168098034068000
"""Charlie @ t_DJrn6N80"" posts a big blind of 60",2023-04-08T18:58:41.062Z,168098032106207
"""Mathew Seng @ -yLO6kBeFp"" posts a small blind of 30",2023-04-08T18:58:41.062Z,168098032106206
"""Mathew Seng @ -yLO6kBeFp"" posts an ante of 6",2023-04-08T18:58:41.062Z,168098032106205
"""Charlie @ t_DJrn6N80"" posts an ante of 6",2023-04-08T18:58:41.062Z,168098032106204
"Your hand is A♣, Q♦",2023-04-08T18:58:41.062Z,168098032106203
"Player stacks: #4 ""Charlie @ t_DJrn6N80"" (1193) | #6 ""Mathew Seng @ -yLO6kBeFp"" (6807)",2023-04-08T18:58:41.062Z,168098032106201
"-- starting hand #31 (id: ibeql74xnjga)  (No Limit Texas Hold'em) (dealer: ""Mathew Seng @ -yLO6kBeFp"") --",2023-04-08T18:58:41.062Z,168098032106200
"-- ending hand #30 --",2023-04-08T18:58:38.129Z,168098031812902
"""Mathew Seng @ -yLO6kBeFp"" collected 372 from pot",2023-04-08T18:58:38.129Z,168098031812901
"Uncalled bet of 1193 returned to ""Mathew Seng @ -yLO6kBeFp""",2023-04-08T18:58:38.129Z,168098031812900
"""Charlie @ t_DJrn6N80"" folds",2023-04-08T18:58:37.269Z,168098031726900
"""Mathew Seng @ -yLO6kBeFp"" raises to 1373",2023-04-08T18:58:31.314Z,168098031131400
"""Charlie @ t_DJrn6N80"" raises to 180",2023-04-08T18:58:10.857Z,168098029085700
"""Mathew Seng @ -yLO6kBeFp"" posts a big blind of 60",2023-04-08T18:58:08.901Z,168098028890107
"""Charlie @ t_DJrn6N80"" posts a small blind of 30",2023-04-08T18:58:08.901Z,168098028890106
"""Mathew Seng @ -yLO6kBeFp"" posts an ante of 6",2023-04-08T18:58:08.901Z,168098028890105
"""Charlie @ t_DJrn6N80"" posts an ante of 6",2023-04-08T18:58:08.901Z,168098028890104
"Your hand is 9♥, 9♦",2023-04-08T18:58:08.901Z,168098028890103
"Player stacks: #4 ""Charlie @ t_DJrn6N80"" (1379) | #6 ""Mathew Seng @ -yLO6kBeFp"" (6621)",2023-04-08T18:58:08.901Z,168098028890101
"-- starting hand #30 (id: 23gzsmqzbikt)  (No Limit Texas Hold'em) (dealer: ""Charlie @ t_DJrn6N80"") --",2023-04-08T18:58:08.901Z,168098028890100
"-- ending hand #29 --",2023-04-08T18:58:05.967Z,168098028596702
"""Charlie @ t_DJrn6N80"" collected 132 from pot",2023-04-08T18:58:05.967Z,168098028596701
"Uncalled bet of 60 returned to ""Charlie @ t_DJrn6N80""",2023-04-08T18:58:05.967Z,168098028596700
"""Mathew Seng @ -yLO6kBeFp"" folds",2023-04-08T18:58:05.110Z,168098028511000
"""Charlie @ t_DJrn6N80"" bets 60",2023-04-08T18:58:02.726Z,168098028272600
"Turn: J♥, 3♦, 5♠ [8♦]",2023-04-08T18:58:00.413Z,168098028041300
"""Mathew Seng @ -yLO6kBeFp"" checks",2023-04-08T18:57:59.593Z,168098027959300
"""Charlie @ t_DJrn6N80"" checks",2023-04-08T18:57:37.554Z,168098025755400
"Flop:  [J♥, 3♦, 5♠]",2023-04-08T18:57:36.316Z,168098025631600
"""Charlie @ t_DJrn6N80"" checks",2023-04-08T18:57:35.482Z,168098025548200
"""Mathew Seng @ -yLO6kBeFp"" calls 60",2023-04-08T18:57:32.967Z,168098025296700
"""Charlie @ t_DJrn6N80"" posts a big blind of 60",2023-04-08T18:57:13.617Z,168098023361707
"""Mathew Seng @ -yLO6kBeFp"" posts a small blind of 30",2023-04-08T18:57:13.617Z,168098023361706
"""Mathew Seng @ -yLO6kBeFp"" posts an ante of 6",2023-04-08T18:57:13.617Z,168098023361705
"""Charlie @ t_DJrn6N80"" posts an ante of 6",2023-04-08T18:57:13.617Z,168098023361704
"Your hand is 2♦, 7♠",2023-04-08T18:57:13.617Z,168098023361703
"Player stacks: #4 ""Charlie @ t_DJrn6N80"" (1313) | #6 ""Mathew Seng @ -yLO6kBeFp"" (6687)",2023-04-08T18:57:13.617Z,168098023361701
"-- starting hand #29 (id: zycvj3jkwnnk)  (No Limit Texas Hold'em) (dealer: ""Mathew Seng @ -yLO6kBeFp"") --",2023-04-08T18:57:13.617Z,168098023361700
"-- ending hand #28 --",2023-04-08T18:57:10.668Z,168098023066802
"""Mathew Seng @ -yLO6kBeFp"" collected 72 from pot",2023-04-08T18:57:10.668Z,168098023066801
"Uncalled bet of 30 returned to ""Mathew Seng @ -yLO6kBeFp""",2023-04-08T18:57:10.668Z,168098023066800
"""Charlie @ t_DJrn6N80"" folds",2023-04-08T18:57:09.838Z,168098022983800
"""Mathew Seng @ -yLO6kBeFp"" posts a big blind of 60",2023-04-08T18:57:08.069Z,168098022806907
"""Charlie @ t_DJrn6N80"" posts a small blind of 30",2023-04-08T18:57:08.069Z,168098022806906
"""Mathew Seng @ -yLO6kBeFp"" posts an ante of 6",2023-04-08T18:57:08.069Z,168098022806905
"""Charlie @ t_DJrn6N80"" posts an ante of 6",2023-04-08T18:57:08.069Z,168098022806904
"Your hand is 3♣, 4♣",2023-04-08T18:57:08.069Z,168098022806903
"Player stacks: #4 ""Charlie @ t_DJrn6N80"" (1349) | #6 ""Mathew Seng @ -yLO6kBeFp"" (6651)",2023-04-08T18:57:08.069Z,168098022806901
"-- starting hand #28 (id: selirfzxxd8z)  (No Limit Texas Hold'em) (dealer: ""Charlie @ t_DJrn6N80"") --",2023-04-08T18:57:08.069Z,168098022806900
"-- ending hand #27 --",2023-04-08T18:57:05.133Z,168098022513302
"""Mathew Seng @ -yLO6kBeFp"" collected 132 from pot",2023-04-08T18:57:05.133Z,168098022513301
"Uncalled bet of 60 returned to ""Mathew Seng @ -yLO6kBeFp""",2023-04-08T18:57:05.133Z,168098022513300
"""Charlie @ t_DJrn6N80"" folds",2023-04-08T18:57:04.304Z,168098022430400
"""Mathew Seng @ -yLO6kBeFp"" bets 60",2023-04-08T18:57:01.394Z,168098022139400
"""Charlie @ t_DJrn6N80"" checks",2023-04-08T18:56:40.813Z,168098020081300
"Flop:  [A♥, 3♣, Q♦]",2023-04-08T18:56:39.450Z,168098019945000
"""Charlie @ t_DJrn6N80"" checks",2023-04-08T18:56:38.626Z,168098019862600
"""Mathew Seng @ -yLO6kBeFp"" calls 60",2023-04-08T18:56:37.448Z,168098019744800
"""Charlie @ t_DJrn6N80"" posts a big blind of 60",2023-04-08T18:56:18.285Z,168098017828510
"""Mathew Seng @ -yLO6kBeFp"" posts a small blind of 30",2023-04-08T18:56:18.285Z,168098017828509
"""Mathew Seng @ -yLO6kBeFp"" posts an ante of 6",2023-04-08T18:56:18.285Z,168098017828508
"""Charlie @ t_DJrn6N80"" posts an ante of 6",2023-04-08T18:56:18.285Z,168098017828507
"Your hand is 3♥, 7♦",2023-04-08T18:56:18.285Z,168098017828506
"Player stacks: #4 ""Charlie @ t_DJrn6N80"" (1415) | #6 ""Mathew Seng @ -yLO6kBeFp"" (6585)",2023-04-08T18:56:18.285Z,168098017828504
"-- starting hand #27 (id: iltztxi3gt60)  (No Limit Texas Hold'em) (dealer: ""Mathew Seng @ -yLO6kBeFp"") --",2023-04-08T18:56:18.285Z,168098017828503
"The game's ante was changed from 5 to 6.",2023-04-08T18:56:18.285Z,168098017828502
"The game's big blind was changed from 50 to 60.",2023-04-08T18:56:18.285Z,168098017828501
"The game's small blind was changed from 25 to 30.",2023-04-08T18:56:18.285Z,168098017828500
"-- ending hand #26 --",2023-04-08T18:56:12.281Z,168098017228102
"""Mathew Seng @ -yLO6kBeFp"" collected 920 from pot with Pair, A's (combination: A♠, A♦, 9♠, 7♠, 6♦)",2023-04-08T18:56:12.281Z,168098017228101
"""Mathew Seng @ -yLO6kBeFp"" shows a A♠, 3♥.",2023-04-08T18:56:12.281Z,168098017228100
"""Charlie @ t_DJrn6N80"" checks",2023-04-08T18:56:11.422Z,168098017142200
"""Mathew Seng @ -yLO6kBeFp"" checks",2023-04-08T18:55:50.567Z,168098015056700
"River: 7♠, 4♥, A♦, 9♠ [6♦]",2023-04-08T18:55:30.649Z,168098013064900
"""Mathew Seng @ -yLO6kBeFp"" calls 205",2023-04-08T18:55:29.767Z,168098012976700
"""Charlie @ t_DJrn6N80"" bets 205",2023-04-08T18:55:11.118Z,168098011111800
"""Mathew Seng @ -yLO6kBeFp"" checks",2023-04-08T18:54:59.750Z,168098009975000
"Turn: 7♠, 4♥, A♦ [9♠]",2023-04-08T18:54:57.311Z,168098009731100
"""Mathew Seng @ -yLO6kBeFp"" calls 100",2023-04-08T18:54:56.502Z,168098009650200
"""Charlie @ t_DJrn6N80"" bets 100",2023-04-08T18:54:43.698Z,168098008369800
"""Mathew Seng @ -yLO6kBeFp"" checks",2023-04-08T18:54:41.250Z,168098008125000
"Flop:  [7♠, 4♥, A♦]",2023-04-08T18:54:37.967Z,168098007796700
"""Mathew Seng @ -yLO6kBeFp"" calls 150",2023-04-08T18:54:37.114Z,168098007711400
"""Charlie @ t_DJrn6N80"" raises to 150",2023-04-08T18:54:16.589Z,168098005658900
"""Mathew Seng @ -yLO6kBeFp"" posts a big blind of 50",2023-04-08T18:54:14.544Z,168098005454407
"""Charlie @ t_DJrn6N80"" posts a small blind of 25",2023-04-08T18:54:14.544Z,168098005454406
"""Mathew Seng @ -yLO6kBeFp"" posts an ante of 5",2023-04-08T18:54:14.544Z,168098005454405
"""Charlie @ t_DJrn6N80"" posts an ante of 5",2023-04-08T18:54:14.544Z,168098005454404
"Your hand is A♠, 3♥",2023-04-08T18:54:14.544Z,168098005454403
"Player stacks: #4 ""Charlie @ t_DJrn6N80"" (1875) | #6 ""Mathew Seng @ -yLO6kBeFp"" (6125)",2023-04-08T18:54:14.544Z,168098005454401
"-- starting hand #26 (id: mb4koetd3psn)  (No Limit Texas Hold'em) (dealer: ""Charlie @ t_DJrn6N80"") --",2023-04-08T18:54:14.544Z,168098005454400
"-- ending hand #25 --",2023-04-08T18:54:08.468Z,168098004846804
"""Mathew Seng @ -yLO6kBeFp"" collected 1005 from pot with Two Pair, A's & 3's (combination: A♠, A♥, 3♦, 3♠, 9♠)",2023-04-08T18:54:08.468Z,168098004846803
"""Mathew Seng @ -yLO6kBeFp"" shows a 5♦, A♠.",2023-04-08T18:54:08.468Z,168098004846802
"""Charlie @ t_DJrn6N80"" collected 1005 from pot with Two Pair, A's & 3's (combination: A♦, A♥, 3♦, 3♠, 9♠)",2023-04-08T18:54:08.468Z,168098004846801
"""Charlie @ t_DJrn6N80"" shows a 2♦, A♦.",2023-04-08T18:54:08.468Z,168098004846800
"""Mathew Seng @ -yLO6kBeFp"" calls 200",2023-04-08T18:54:07.607Z,168098004760700
"""Charlie @ t_DJrn6N80"" bets 200",2023-04-08T18:53:47.089Z,168098002708900
"River: 3♦, A♥, 3♠, 9♠ [6♠]",2023-04-08T18:53:32.419Z,168098001241900
"""Mathew Seng @ -yLO6kBeFp"" calls 300",2023-04-08T18:53:31.580Z,168098001158000
"""Charlie @ t_DJrn6N80"" bets 300",2023-04-08T18:53:11.209Z,168097999120900
"Turn: 3♦, A♥, 3♠ [9♠]",2023-04-08T18:52:52.988Z,168097997298800
"""Mathew Seng @ -yLO6kBeFp"" calls 150",2023-04-08T18:52:52.112Z,168097997211200
"""Charlie @ t_DJrn6N80"" bets 150",2023-04-08T18:52:31.655Z,168097995165500
"Flop:  [3♦, A♥, 3♠]",2023-04-08T18:52:25.847Z,168097994584700
"""Mathew Seng @ -yLO6kBeFp"" calls 350",2023-04-08T18:52:25.032Z,168097994503200
"""Charlie @ t_DJrn6N80"" raises to 350",2023-04-08T18:52:04.901Z,168097992490100
"""Mathew Seng @ -yLO6kBeFp"" raises to 100",2023-04-08T18:52:01.255Z,168097992125500
"""Charlie @ t_DJrn6N80"" posts a big blind of 50",2023-04-08T18:51:41.412Z,168097990141207
"""Mathew Seng @ -yLO6kBeFp"" posts a small blind of 25",2023-04-08T18:51:41.412Z,168097990141206
"""Mathew Seng @ -yLO6kBeFp"" posts an ante of 5",2023-04-08T18:51:41.412Z,168097990141205
"""Charlie @ t_DJrn6N80"" posts an ante of 5",2023-04-08T18:51:41.412Z,168097990141204
"Your hand is 5♦, A♠",2023-04-08T18:51:41.412Z,168097990141203
"Player stacks: #4 ""Charlie @ t_DJrn6N80"" (1875) | #6 ""Mathew Seng @ -yLO6kBeFp"" (6125)",2023-04-08T18:51:41.412Z,168097990141201
"-- starting hand #25 (id: gipexrhq02zp)  (No Limit Texas Hold'em) (dealer: ""Mathew Seng @ -yLO6kBeFp"") --",2023-04-08T18:51:41.412Z,168097990141200
"-- ending hand #24 --",2023-04-08T18:51:35.404Z,168097989540403
"""Charlie @ t_DJrn6N80"" shows a 6♠, 10♠.",2023-04-08T18:51:35.404Z,168097989540402
"""Mathew Seng @ -yLO6kBeFp"" collected 1300 from pot with Pair, 4's (combination: 4♠, 4♥, K♣, 8♥, 6♣)",2023-04-08T18:51:35.404Z,168097989540401
"""Mathew Seng @ -yLO6kBeFp"" shows a 4♠, 6♣.",2023-04-08T18:51:35.404Z,168097989540400
"""Mathew Seng @ -yLO6kBeFp"" calls 370",2023-04-08T18:51:34.600Z,168097989460000
"""Charlie @ t_DJrn6N80"" bets 370",2023-04-08T18:51:14.130Z,168097987413000
"""Mathew Seng @ -yLO6kBeFp"" checks",2023-04-08T18:50:55.254Z,168097985525400
"River: 3♦, 4♥, K♣, 8♥ [2♠]",2023-04-08T18:50:36.134Z,168097983613400
"""Charlie @ t_DJrn6N80"" checks",2023-04-08T18:50:35.261Z,168097983526100
"""Mathew Seng @ -yLO6kBeFp"" checks",2023-04-08T18:50:19.929Z,168097981992900
"Turn: 3♦, 4♥, K♣ [8♥]",2023-04-08T18:50:00.820Z,168097980082000
"""Mathew Seng @ -yLO6kBeFp"" calls 125",2023-04-08T18:49:59.979Z,168097979997900
"""Charlie @ t_DJrn6N80"" bets 125",2023-04-08T18:49:39.480Z,168097977948000
"""Mathew Seng @ -yLO6kBeFp"" checks",2023-04-08T18:49:30.963Z,168097977096300
"Flop:  [3♦, 4♥, K♣]",2023-04-08T18:49:26.919Z,168097976691900
"""Mathew Seng @ -yLO6kBeFp"" calls 150",2023-04-08T18:49:26.060Z,168097976606000
"""Charlie @ t_DJrn6N80"" raises to 150",2023-04-08T18:49:05.409Z,168097974540900
"""Mathew Seng @ -yLO6kBeFp"" posts a big blind of 50",2023-04-08T18:48:57.833Z,168097973783307
"""Charlie @ t_DJrn6N80"" posts a small blind of 25",2023-04-08T18:48:57.833Z,168097973783306
"""Mathew Seng @ -yLO6kBeFp"" posts an ante of 5",2023-04-08T18:48:57.833Z,168097973783305
"""Charlie @ t_DJrn6N80"" posts an ante of 5",2023-04-08T18:48:57.833Z,168097973783304
"Your hand is 4♠, 6♣",2023-04-08T18:48:57.833Z,168097973783303
"Player stacks: #4 ""Charlie @ t_DJrn6N80"" (2525) | #6 ""Mathew Seng @ -yLO6kBeFp"" (5475)",2023-04-08T18:48:57.833Z,168097973783301
"-- starting hand #24 (id: d3ht4yji8e3x)  (No Limit Texas Hold'em) (dealer: ""Charlie @ t_DJrn6N80"") --",2023-04-08T18:48:57.833Z,168097973783300
"-- ending hand #23 --",2023-04-08T18:48:54.878Z,168097973487802
"""Mathew Seng @ -yLO6kBeFp"" collected 110 from pot",2023-04-08T18:48:54.878Z,168097973487801
"Uncalled bet of 82 returned to ""Mathew Seng @ -yLO6kBeFp""",2023-04-08T18:48:54.878Z,168097973487800
"""Charlie @ t_DJrn6N80"" folds",2023-04-08T18:48:54.033Z,168097973403300
"""Mathew Seng @ -yLO6kBeFp"" bets 82",2023-04-08T18:48:49.551Z,168097972955100
"""Charlie @ t_DJrn6N80"" checks",2023-04-08T18:48:28.964Z,168097970896400
"Turn: 4♦, 10♠, Q♣ [6♣]",2023-04-08T18:48:18.976Z,168097969897600
"""Mathew Seng @ -yLO6kBeFp"" checks",2023-04-08T18:48:18.118Z,168097969811800
"""Charlie @ t_DJrn6N80"" checks",2023-04-08T18:47:58.689Z,168097967868900
"Flop:  [4♦, 10♠, Q♣]",2023-04-08T18:47:57.486Z,168097967748600
"""Charlie @ t_DJrn6N80"" checks",2023-04-08T18:47:56.663Z,168097967666300
"""Mathew Seng @ -yLO6kBeFp"" calls 50",2023-04-08T18:47:48.745Z,168097966874500
"""Charlie @ t_DJrn6N80"" posts a big blind of 50",2023-04-08T18:47:33.381Z,168097965338110
"""Mathew Seng @ -yLO6kBeFp"" posts a small blind of 25",2023-04-08T18:47:33.381Z,168097965338109
"""Mathew Seng @ -yLO6kBeFp"" posts an ante of 5",2023-04-08T18:47:33.381Z,168097965338108
"""Charlie @ t_DJrn6N80"" posts an ante of 5",2023-04-08T18:47:33.381Z,168097965338107
"Your hand is 5♣, 7♣",2023-04-08T18:47:33.381Z,168097965338106
"Player stacks: #4 ""Charlie @ t_DJrn6N80"" (2580) | #6 ""Mathew Seng @ -yLO6kBeFp"" (5420)",2023-04-08T18:47:33.381Z,168097965338104
"-- starting hand #23 (id: y3xs4fpu6mvb)  (No Limit Texas Hold'em) (dealer: ""Mathew Seng @ -yLO6kBeFp"") --",2023-04-08T18:47:33.381Z,168097965338103
"The game's ante was changed from 4 to 5.",2023-04-08T18:47:33.381Z,168097965338102
"The game's big blind was changed from 40 to 50.",2023-04-08T18:47:33.381Z,168097965338101
"The game's small blind was changed from 20 to 25.",2023-04-08T18:47:33.381Z,168097965338100
"-- ending hand #22 --",2023-04-08T18:47:30.471Z,168097965047102
"""Charlie @ t_DJrn6N80"" collected 248 from pot",2023-04-08T18:47:30.471Z,168097965047101
"Uncalled bet of 80 returned to ""Charlie @ t_DJrn6N80""",2023-04-08T18:47:30.471Z,168097965047100
"""Mathew Seng @ -yLO6kBeFp"" folds",2023-04-08T18:47:29.667Z,168097964966700
"""Charlie @ t_DJrn6N80"" bets 80",2023-04-08T18:47:09.544Z,168097962954400
"""Mathew Seng @ -yLO6kBeFp"" checks",2023-04-08T18:47:00.043Z,168097962004300
"Flop:  [4♠, 10♦, 4♣]",2023-04-08T18:46:56.137Z,168097961613700
"""Mathew Seng @ -yLO6kBeFp"" calls 120",2023-04-08T18:46:55.259Z,168097961525900
"""Charlie @ t_DJrn6N80"" raises to 120",2023-04-08T18:46:35.993Z,168097959599300
"""Mathew Seng @ -yLO6kBeFp"" posts a big blind of 40",2023-04-08T18:46:33.640Z,168097959364007
"""Charlie @ t_DJrn6N80"" posts a small blind of 20",2023-04-08T18:46:33.640Z,168097959364006
"""Mathew Seng @ -yLO6kBeFp"" posts an ante of 4",2023-04-08T18:46:33.640Z,168097959364005
"""Charlie @ t_DJrn6N80"" posts an ante of 4",2023-04-08T18:46:33.640Z,168097959364004
"Your hand is 5♣, K♥",2023-04-08T18:46:33.640Z,168097959364003
"Player stacks: #4 ""Charlie @ t_DJrn6N80"" (2456) | #6 ""Mathew Seng @ -yLO6kBeFp"" (5544)",2023-04-08T18:46:33.640Z,168097959364001
"-- starting hand #22 (id: pokr2j4lbouu)  (No Limit Texas Hold'em) (dealer: ""Charlie @ t_DJrn6N80"") --",2023-04-08T18:46:33.640Z,168097959364000
"-- ending hand #21 --",2023-04-08T18:46:30.718Z,168097959071802
"""Charlie @ t_DJrn6N80"" collected 168 from pot",2023-04-08T18:46:30.718Z,168097959071801
"Uncalled bet of 208 returned to ""Charlie @ t_DJrn6N80""",2023-04-08T18:46:30.718Z,168097959071800
"""Mathew Seng @ -yLO6kBeFp"" folds",2023-04-08T18:46:29.900Z,168097958990000
"""Charlie @ t_DJrn6N80"" bets 208",2023-04-08T18:46:09.120Z,168097956912000
"Turn: 3♣, 6♣, 6♥ [J♠]",2023-04-08T18:46:01.697Z,168097956169700
"""Mathew Seng @ -yLO6kBeFp"" checks",2023-04-08T18:46:00.824Z,168097956082400
"""Charlie @ t_DJrn6N80"" checks",2023-04-08T18:45:42.871Z,168097954287100
"Flop:  [3♣, 6♣, 6♥]",2023-04-08T18:45:41.480Z,168097954148000
"""Charlie @ t_DJrn6N80"" calls 80",2023-04-08T18:45:40.670Z,168097954067000
"""Mathew Seng @ -yLO6kBeFp"" raises to 80",2023-04-08T18:45:32.319Z,168097953231900
"""Charlie @ t_DJrn6N80"" posts a big blind of 40",2023-04-08T18:45:15.367Z,168097951536707
"""Mathew Seng @ -yLO6kBeFp"" posts a small blind of 20",2023-04-08T18:45:15.367Z,168097951536706
"""Mathew Seng @ -yLO6kBeFp"" posts an ante of 4",2023-04-08T18:45:15.367Z,168097951536705
"""Charlie @ t_DJrn6N80"" posts an ante of 4",2023-04-08T18:45:15.367Z,168097951536704
"Your hand is A♥, 10♠",2023-04-08T18:45:15.367Z,168097951536703
"Player stacks: #4 ""Charlie @ t_DJrn6N80"" (2372) | #6 ""Mathew Seng @ -yLO6kBeFp"" (5628)",2023-04-08T18:45:15.367Z,168097951536701
"-- starting hand #21 (id: hkz3nbeyjof4)  (No Limit Texas Hold'em) (dealer: ""Mathew Seng @ -yLO6kBeFp"") --",2023-04-08T18:45:15.367Z,168097951536700
"-- ending hand #20 --",2023-04-08T18:45:12.448Z,168097951244802
"""Mathew Seng @ -yLO6kBeFp"" collected 248 from pot",2023-04-08T18:45:12.448Z,168097951244801
"Uncalled bet of 180 returned to ""Mathew Seng @ -yLO6kBeFp""",2023-04-08T18:45:12.448Z,168097951244800
"""Charlie @ t_DJrn6N80"" folds",2023-04-08T18:45:11.626Z,168097951162600
"""Mathew Seng @ -yLO6kBeFp"" raises to 300",2023-04-08T18:45:08.250Z,168097950825000
"""Charlie @ t_DJrn6N80"" raises to 120",2023-04-08T18:44:48.076Z,168097948807600
"""Mathew Seng @ -yLO6kBeFp"" posts a big blind of 40",2023-04-08T18:44:45.998Z,168097948599807
"""Charlie @ t_DJrn6N80"" posts a small blind of 20",2023-04-08T18:44:45.998Z,168097948599806
"""Mathew Seng @ -yLO6kBeFp"" posts an ante of 4",2023-04-08T18:44:45.998Z,168097948599805
"""Charlie @ t_DJrn6N80"" posts an ante of 4",2023-04-08T18:44:45.998Z,168097948599804
"Your hand is 9♠, K♠",2023-04-08T18:44:45.998Z,168097948599803
"Player stacks: #4 ""Charlie @ t_DJrn6N80"" (2496) | #6 ""Mathew Seng @ -yLO6kBeFp"" (5504)",2023-04-08T18:44:45.998Z,168097948599801
"-- starting hand #20 (id: tdjplemyyxr0)  (No Limit Texas Hold'em) (dealer: ""Charlie @ t_DJrn6N80"") --",2023-04-08T18:44:45.998Z,168097948599800
"-- ending hand #19 --",2023-04-08T18:44:43.085Z,168097948308502
"""Charlie @ t_DJrn6N80"" collected 744 from pot",2023-04-08T18:44:43.085Z,168097948308501
"Uncalled bet of 518 returned to ""Charlie @ t_DJrn6N80""",2023-04-08T18:44:43.085Z,168097948308500
"""Mathew Seng @ -yLO6kBeFp"" folds",2023-04-08T18:44:42.246Z,168097948224600
"""Charlie @ t_DJrn6N80"" bets 518",2023-04-08T18:44:21.584Z,168097946158400
"Turn: 3♠, 6♥, 2♦ [10♥]",2023-04-08T18:44:08.449Z,168097944844900
"""Mathew Seng @ -yLO6kBeFp"" calls 288",2023-04-08T18:44:07.600Z,168097944760000
"""Charlie @ t_DJrn6N80"" raises to 288",2023-04-08T18:43:47.430Z,168097942743000
"""Mathew Seng @ -yLO6kBeFp"" bets 84",2023-04-08T18:43:36.788Z,168097941678800
"""Charlie @ t_DJrn6N80"" checks",2023-04-08T18:43:16.567Z,168097939656700
"Flop:  [3♠, 6♥, 2♦]",2023-04-08T18:43:15.189Z,168097939518900
"""Charlie @ t_DJrn6N80"" calls 80",2023-04-08T18:43:14.367Z,168097939436700
"""Mathew Seng @ -yLO6kBeFp"" raises to 80",2023-04-08T18:43:07.948Z,168097938794800
"""Charlie @ t_DJrn6N80"" posts a big blind of 40",2023-04-08T18:42:50.288Z,168097937028807
"""Mathew Seng @ -yLO6kBeFp"" posts a small blind of 20",2023-04-08T18:42:50.288Z,168097937028806
"""Mathew Seng @ -yLO6kBeFp"" posts an ante of 4",2023-04-08T18:42:50.288Z,168097937028805
"""Charlie @ t_DJrn6N80"" posts an ante of 4",2023-04-08T18:42:50.288Z,168097937028804
"Your hand is 4♠, 2♠",2023-04-08T18:42:50.288Z,168097937028803
"Player stacks: #4 ""Charlie @ t_DJrn6N80"" (2124) | #6 ""Mathew Seng @ -yLO6kBeFp"" (5876)",2023-04-08T18:42:50.288Z,168097937028801
"-- starting hand #19 (id: lcwjsvy4baxw)  (No Limit Texas Hold'em) (dealer: ""Mathew Seng @ -yLO6kBeFp"") --",2023-04-08T18:42:50.288Z,168097937028800
"-- ending hand #18 --",2023-04-08T18:42:47.285Z,168097936728502
"""Charlie @ t_DJrn6N80"" collected 88 from pot",2023-04-08T18:42:47.285Z,168097936728501
"Uncalled bet of 80 returned to ""Charlie @ t_DJrn6N80""",2023-04-08T18:42:47.285Z,168097936728500
"""Mathew Seng @ -yLO6kBeFp"" folds",2023-04-08T18:42:46.415Z,168097936641500
"""Charlie @ t_DJrn6N80"" raises to 120",2023-04-08T18:42:42.857Z,168097936285700
"""Mathew Seng @ -yLO6kBeFp"" posts a big blind of 40",2023-04-08T18:42:40.876Z,168097936087607
"""Charlie @ t_DJrn6N80"" posts a small blind of 20",2023-04-08T18:42:40.876Z,168097936087606
"""Mathew Seng @ -yLO6kBeFp"" posts an ante of 4",2023-04-08T18:42:40.876Z,168097936087605
"""Charlie @ t_DJrn6N80"" posts an ante of 4",2023-04-08T18:42:40.876Z,168097936087604
"Your hand is 10♠, 2♥",2023-04-08T18:42:40.876Z,168097936087603
"Player stacks: #4 ""Charlie @ t_DJrn6N80"" (2080) | #6 ""Mathew Seng @ -yLO6kBeFp"" (5920)",2023-04-08T18:42:40.876Z,168097936087601
"-- starting hand #18 (id: kz0rzzbm6c1h)  (No Limit Texas Hold'em) (dealer: ""Charlie @ t_DJrn6N80"") --",2023-04-08T18:42:40.876Z,168097936087600
"-- ending hand #17 --",2023-04-08T18:42:37.915Z,168097935791502
"""Mathew Seng @ -yLO6kBeFp"" collected 168 from pot",2023-04-08T18:42:37.915Z,168097935791501
"Uncalled bet of 84 returned to ""Mathew Seng @ -yLO6kBeFp""",2023-04-08T18:42:37.915Z,168097935791500
"""Charlie @ t_DJrn6N80"" folds",2023-04-08T18:42:37.066Z,168097935706600
"""Mathew Seng @ -yLO6kBeFp"" bets 84",2023-04-08T18:42:32.564Z,168097935256400
"""Charlie @ t_DJrn6N80"" checks",2023-04-08T18:42:11.898Z,168097933189800
"Flop:  [6♦, 8♣, 6♠]",2023-04-08T18:42:10.621Z,168097933062100
"""Charlie @ t_DJrn6N80"" calls 80",2023-04-08T18:42:09.775Z,168097932977500
"""Mathew Seng @ -yLO6kBeFp"" raises to 80",2023-04-08T18:42:07.822Z,168097932782200
"""Charlie @ t_DJrn6N80"" posts a big blind of 40",2023-04-08T18:41:49.191Z,168097930919107
"""Mathew Seng @ -yLO6kBeFp"" posts a small blind of 20",2023-04-08T18:41:49.191Z,168097930919106
"""Mathew Seng @ -yLO6kBeFp"" posts an ante of 4",2023-04-08T18:41:49.191Z,168097930919105
"""Charlie @ t_DJrn6N80"" posts an ante of 4",2023-04-08T18:41:49.191Z,168097930919104
"Your hand is 6♣, 7♣",2023-04-08T18:41:49.191Z,168097930919103
"Player stacks: #4 ""Charlie @ t_DJrn6N80"" (2164) | #6 ""Mathew Seng @ -yLO6kBeFp"" (5836)",2023-04-08T18:41:49.191Z,168097930919101
"-- starting hand #17 (id: n13dto7bhdca)  (No Limit Texas Hold'em) (dealer: ""Mathew Seng @ -yLO6kBeFp"") --",2023-04-08T18:41:49.191Z,168097930919100
"-- ending hand #16 --",2023-04-08T18:41:46.187Z,168097930618702
"""Mathew Seng @ -yLO6kBeFp"" collected 568 from pot",2023-04-08T18:41:46.187Z,168097930618701
"Uncalled bet of 284 returned to ""Mathew Seng @ -yLO6kBeFp""",2023-04-08T18:41:46.187Z,168097930618700
"""Charlie @ t_DJrn6N80"" folds",2023-04-08T18:41:45.322Z,168097930532200
"""Mathew Seng @ -yLO6kBeFp"" bets 284",2023-04-08T18:41:31.127Z,168097929112700
"Turn: K♥, 10♦, 9♦ [9♠]",2023-04-08T18:41:10.962Z,168097927096200
"""Mathew Seng @ -yLO6kBeFp"" calls 160",2023-04-08T18:41:10.091Z,168097927009100
"""Charlie @ t_DJrn6N80"" bets 160",2023-04-08T18:40:49.562Z,168097924956200
"""Mathew Seng @ -yLO6kBeFp"" checks",2023-04-08T18:40:42.022Z,168097924202200
"Flop:  [K♥, 10♦, 9♦]",2023-04-08T18:40:23.679Z,168097922367900
"""Mathew Seng @ -yLO6kBeFp"" calls 120",2023-04-08T18:40:22.867Z,168097922286700
"""Charlie @ t_DJrn6N80"" raises to 120",2023-04-08T18:40:02.741Z,168097920274100
"""Mathew Seng @ -yLO6kBeFp"" posts a big blind of 40",2023-04-08T18:39:54.774Z,168097919477407
"""Charlie @ t_DJrn6N80"" posts a small blind of 20",2023-04-08T18:39:54.774Z,168097919477406
"""Mathew Seng @ -yLO6kBeFp"" posts an ante of 4",2023-04-08T18:39:54.774Z,168097919477405
"""Charlie @ t_DJrn6N80"" posts an ante of 4",2023-04-08T18:39:54.774Z,168097919477404
"Your hand is 6♠, A♦",2023-04-08T18:39:54.774Z,168097919477403
"Player stacks: #4 ""Charlie @ t_DJrn6N80"" (2448) | #6 ""Mathew Seng @ -yLO6kBeFp"" (5552)",2023-04-08T18:39:54.774Z,168097919477401
"-- starting hand #16 (id: snpbbhpwzy3d)  (No Limit Texas Hold'em) (dealer: ""Charlie @ t_DJrn6N80"") --",2023-04-08T18:39:54.774Z,168097919477400
"-- ending hand #15 --",2023-04-08T18:39:51.771Z,168097919177102
"""Charlie @ t_DJrn6N80"" collected 48 from pot",2023-04-08T18:39:51.771Z,168097919177101
"Uncalled bet of 20 returned to ""Charlie @ t_DJrn6N80""",2023-04-08T18:39:51.771Z,168097919177100
"""Mathew Seng @ -yLO6kBeFp"" folds",2023-04-08T18:39:50.886Z,168097919088600
"""Charlie @ t_DJrn6N80"" posts a big blind of 40",2023-04-08T18:39:30.726Z,168097917072610
"""Mathew Seng @ -yLO6kBeFp"" posts a small blind of 20",2023-04-08T18:39:30.726Z,168097917072609
"""Mathew Seng @ -yLO6kBeFp"" posts an ante of 4",2023-04-08T18:39:30.726Z,168097917072608
"""Charlie @ t_DJrn6N80"" posts an ante of 4",2023-04-08T18:39:30.726Z,168097917072607
"Your hand is 4♠, 2♣",2023-04-08T18:39:30.726Z,168097917072606
"Player stacks: #4 ""Charlie @ t_DJrn6N80"" (2424) | #6 ""Mathew Seng @ -yLO6kBeFp"" (5576)",2023-04-08T18:39:30.726Z,168097917072604
"-- starting hand #15 (id: twvnv5jcploc)  (No Limit Texas Hold'em) (dealer: ""Mathew Seng @ -yLO6kBeFp"") --",2023-04-08T18:39:30.726Z,168097917072603
"The game's ante was changed from 3 to 4.",2023-04-08T18:39:30.726Z,168097917072602
"The game's big blind was changed from 30 to 40.",2023-04-08T18:39:30.726Z,168097917072601
"The game's small blind was changed from 15 to 20.",2023-04-08T18:39:30.726Z,168097917072600
"""Charlie @ t_DJrn6N80"" shows a 3♥, A♣.",2023-04-08T18:39:28.746Z,168097916874600
"-- ending hand #14 --",2023-04-08T18:39:27.114Z,168097916711402
"""Charlie @ t_DJrn6N80"" collected 684 from pot",2023-04-08T18:39:27.114Z,168097916711401
"Uncalled bet of 264 returned to ""Charlie @ t_DJrn6N80""",2023-04-08T18:39:27.114Z,168097916711400
"""Mathew Seng @ -yLO6kBeFp"" folds",2023-04-08T18:39:26.278Z,168097916627800
"""Charlie @ t_DJrn6N80"" raises to 378",2023-04-08T18:39:13.677Z,168097915367700
"""Mathew Seng @ -yLO6kBeFp"" bets 114",2023-04-08T18:38:58.092Z,168097913809200
"Flop:  [2♠, 10♠, J♠]",2023-04-08T18:38:38.179Z,168097911817900
"""Charlie @ t_DJrn6N80"" calls 225",2023-04-08T18:38:37.369Z,168097911736900
"""Mathew Seng @ -yLO6kBeFp"" raises to 225",2023-04-08T18:38:27.924Z,168097910792400
"""Charlie @ t_DJrn6N80"" raises to 90",2023-04-08T18:38:07.940Z,168097908794000
"""Mathew Seng @ -yLO6kBeFp"" posts a big blind of 30",2023-04-08T18:38:05.325Z,168097908532507
"""Charlie @ t_DJrn6N80"" posts a small blind of 15",2023-04-08T18:38:05.325Z,168097908532506
"""Mathew Seng @ -yLO6kBeFp"" posts an ante of 3",2023-04-08T18:38:05.325Z,168097908532505
"""Charlie @ t_DJrn6N80"" posts an ante of 3",2023-04-08T18:38:05.325Z,168097908532504
"Your hand is 9♥, K♥",2023-04-08T18:38:05.325Z,168097908532503
"Player stacks: #4 ""Charlie @ t_DJrn6N80"" (2082) | #6 ""Mathew Seng @ -yLO6kBeFp"" (5918)",2023-04-08T18:38:05.325Z,168097908532501
"-- starting hand #14 (id: gfclhjafqvpr)  (No Limit Texas Hold'em) (dealer: ""Charlie @ t_DJrn6N80"") --",2023-04-08T18:38:05.325Z,168097908532500
"-- ending hand #13 --",2023-04-08T18:37:59.321Z,168097907932101
"""Charlie @ t_DJrn6N80"" collected 2082 from pot with Pair, Q's (combination: Q♦, Q♠, K♠, 9♠, 8♥)",2023-04-08T18:37:59.321Z,168097907932100
"River: 9♠, Q♠, 5♦, 6♠ [8♥]",2023-04-08T18:37:55.313Z,168097907531300
"Turn: 9♠, Q♠, 5♦ [6♠]",2023-04-08T18:37:51.288Z,168097907128800
"Flop:  [9♠, Q♠, 5♦]",2023-04-08T18:37:47.279Z,168097906727900
"""Mathew Seng @ -yLO6kBeFp"" shows a A♠, 2♦.",2023-04-08T18:37:43.183Z,168097906318301
"""Charlie @ t_DJrn6N80"" shows a Q♦, K♠.",2023-04-08T18:37:43.183Z,168097906318300
"""Charlie @ t_DJrn6N80"" calls 1038 and go all in",2023-04-08T18:37:42.328Z,168097906232800
"""Mathew Seng @ -yLO6kBeFp"" raises to 1038",2023-04-08T18:37:24.614Z,168097904461400
"""Charlie @ t_DJrn6N80"" raises to 90",2023-04-08T18:37:03.555Z,168097902355500
"""Mathew Seng @ -yLO6kBeFp"" calls 30",2023-04-08T18:36:56.417Z,168097901641700
"""Charlie @ t_DJrn6N80"" posts a big blind of 30",2023-04-08T18:36:39.766Z,168097899976607
"""Mathew Seng @ -yLO6kBeFp"" posts a small blind of 15",2023-04-08T18:36:39.766Z,168097899976606
"""Mathew Seng @ -yLO6kBeFp"" posts an ante of 3",2023-04-08T18:36:39.766Z,168097899976605
"""Charlie @ t_DJrn6N80"" posts an ante of 3",2023-04-08T18:36:39.766Z,168097899976604
"Your hand is A♠, 2♦",2023-04-08T18:36:39.766Z,168097899976603
"Player stacks: #4 ""Charlie @ t_DJrn6N80"" (1041) | #6 ""Mathew Seng @ -yLO6kBeFp"" (6959)",2023-04-08T18:36:39.766Z,168097899976601
"-- starting hand #13 (id: tpluinpcux87)  (No Limit Texas Hold'em) (dealer: ""Mathew Seng @ -yLO6kBeFp"") --",2023-04-08T18:36:39.766Z,168097899976600
"-- ending hand #12 --",2023-04-08T18:36:36.824Z,168097899682402
"""Mathew Seng @ -yLO6kBeFp"" collected 186 from pot",2023-04-08T18:36:36.824Z,168097899682401
"Uncalled bet of 135 returned to ""Mathew Seng @ -yLO6kBeFp""",2023-04-08T18:36:36.824Z,168097899682400
"""Charlie @ t_DJrn6N80"" folds",2023-04-08T18:36:35.961Z,168097899596100
"""Mathew Seng @ -yLO6kBeFp"" raises to 225",2023-04-08T18:36:27.208Z,168097898720800
"""Charlie @ t_DJrn6N80"" raises to 90",2023-04-08T18:36:07.354Z,168097896735400
"""Mathew Seng @ -yLO6kBeFp"" posts a big blind of 30",2023-04-08T18:36:05.049Z,168097896504907
"""Charlie @ t_DJrn6N80"" posts a small blind of 15",2023-04-08T18:36:05.049Z,168097896504906
"""Mathew Seng @ -yLO6kBeFp"" posts an ante of 3",2023-04-08T18:36:05.049Z,168097896504905
"""Charlie @ t_DJrn6N80"" posts an ante of 3",2023-04-08T18:36:05.049Z,168097896504904
"Your hand is K♥, A♣",2023-04-08T18:36:05.049Z,168097896504903
"Player stacks: #4 ""Charlie @ t_DJrn6N80"" (1134) | #6 ""Mathew Seng @ -yLO6kBeFp"" (6866)",2023-04-08T18:36:05.049Z,168097896504901
"-- starting hand #12 (id: 9ehtpfxd5x3w)  (No Limit Texas Hold'em) (dealer: ""Charlie @ t_DJrn6N80"") --",2023-04-08T18:36:05.049Z,168097896504900
"-- ending hand #11 --",2023-04-08T18:35:59.021Z,168097895902103
"""Charlie @ t_DJrn6N80"" shows a 6♠, Q♠.",2023-04-08T18:35:59.021Z,168097895902102
"""Mathew Seng @ -yLO6kBeFp"" collected 126 from pot with Pair, J's (combination: J♠, J♣, 9♣, 7♣, 4♦)",2023-04-08T18:35:59.021Z,168097895902101
"""Mathew Seng @ -yLO6kBeFp"" shows a 9♣, J♠.",2023-04-08T18:35:59.021Z,168097895902100
"""Mathew Seng @ -yLO6kBeFp"" checks",2023-04-08T18:35:58.171Z,168097895817100
"""Charlie @ t_DJrn6N80"" checks",2023-04-08T18:35:53.952Z,168097895395200
"River: 3♠, 7♣, 2♥, 4♦ [J♣]",2023-04-08T18:35:50.010Z,168097895001000
"""Mathew Seng @ -yLO6kBeFp"" checks",2023-04-08T18:35:49.190Z,168097894919000
"""Charlie @ t_DJrn6N80"" checks",2023-04-08T18:35:30.965Z,168097893096500
"Turn: 3♠, 7♣, 2♥ [4♦]",2023-04-08T18:35:29.796Z,168097892979600
"""Charlie @ t_DJrn6N80"" calls 30",2023-04-08T18:35:28.994Z,168097892899400
"""Mathew Seng @ -yLO6kBeFp"" bets 30",2023-04-08T18:35:26.916Z,168097892691600
"""Charlie @ t_DJrn6N80"" checks",2023-04-08T18:35:10.724Z,168097891072400
"Flop:  [3♠, 7♣, 2♥]",2023-04-08T18:35:09.328Z,168097890932800
"""Charlie @ t_DJrn6N80"" checks",2023-04-08T18:35:08.522Z,168097890852200
"""Mathew Seng @ -yLO6kBeFp"" calls 30",2023-04-08T18:35:04.588Z,168097890458800
"""Charlie @ t_DJrn6N80"" posts a big blind of 30",2023-04-08T18:34:47.485Z,168097888748507
"""Mathew Seng @ -yLO6kBeFp"" posts a small blind of 15",2023-04-08T18:34:47.485Z,168097888748506
"""Mathew Seng @ -yLO6kBeFp"" posts an ante of 3",2023-04-08T18:34:47.485Z,168097888748505
"""Charlie @ t_DJrn6N80"" posts an ante of 3",2023-04-08T18:34:47.485Z,168097888748504
"Your hand is 9♣, J♠",2023-04-08T18:34:47.485Z,168097888748503
"Player stacks: #4 ""Charlie @ t_DJrn6N80"" (1197) | #6 ""Mathew Seng @ -yLO6kBeFp"" (6803)",2023-04-08T18:34:47.485Z,168097888748501
"-- starting hand #11 (id: txql68vpzysm)  (No Limit Texas Hold'em) (dealer: ""Mathew Seng @ -yLO6kBeFp"") --",2023-04-08T18:34:47.485Z,168097888748500
"-- ending hand #10 --",2023-04-08T18:34:44.547Z,168097888454702
"""Mathew Seng @ -yLO6kBeFp"" collected 36 from pot",2023-04-08T18:34:44.547Z,168097888454701
"Uncalled bet of 15 returned to ""Mathew Seng @ -yLO6kBeFp""",2023-04-08T18:34:44.547Z,168097888454700
"""Charlie @ t_DJrn6N80"" folds",2023-04-08T18:34:43.688Z,168097888368800
"""Mathew Seng @ -yLO6kBeFp"" posts a big blind of 30",2023-04-08T18:34:38.483Z,168097887848307
"""Charlie @ t_DJrn6N80"" posts a small blind of 15",2023-04-08T18:34:38.483Z,168097887848306
"""Mathew Seng @ -yLO6kBeFp"" posts an ante of 3",2023-04-08T18:34:38.483Z,168097887848305
"""Charlie @ t_DJrn6N80"" posts an ante of 3",2023-04-08T18:34:38.483Z,168097887848304
"Your hand is Q♠, 6♦",2023-04-08T18:34:38.483Z,168097887848303
"Player stacks: #4 ""Charlie @ t_DJrn6N80"" (1215) | #6 ""Mathew Seng @ -yLO6kBeFp"" (6785)",2023-04-08T18:34:38.483Z,168097887848301
"-- starting hand #10 (id: beqjgkej6op2)  (No Limit Texas Hold'em) (dealer: ""Charlie @ t_DJrn6N80"") --",2023-04-08T18:34:38.483Z,168097887848300
"-- ending hand #9 --",2023-04-08T18:34:35.482Z,168097887548202
"""Charlie @ t_DJrn6N80"" collected 126 from pot",2023-04-08T18:34:35.482Z,168097887548201
"Uncalled bet of 150 returned to ""Charlie @ t_DJrn6N80""",2023-04-08T18:34:35.482Z,168097887548200
"""Mathew Seng @ -yLO6kBeFp"" folds",2023-04-08T18:34:34.624Z,168097887462400
"""Charlie @ t_DJrn6N80"" raises to 180",2023-04-08T18:34:17.238Z,168097885723800
"""Mathew Seng @ -yLO6kBeFp"" bets 30",2023-04-08T18:34:14.080Z,168097885408000
"""Charlie @ t_DJrn6N80"" checks",2023-04-08T18:33:55.275Z,168097883527500
"Flop:  [6♦, 10♠, 2♦]",2023-04-08T18:33:53.634Z,168097883363400
"""Charlie @ t_DJrn6N80"" checks",2023-04-08T18:33:52.826Z,168097883282600
"""Mathew Seng @ -yLO6kBeFp"" calls 30",2023-04-08T18:33:50.647Z,168097883064700
"""Charlie @ t_DJrn6N80"" posts a big blind of 30",2023-04-08T18:33:34.813Z,168097881481308
"""Mathew Seng @ -yLO6kBeFp"" posts a small blind of 15",2023-04-08T18:33:34.813Z,168097881481307
"""Mathew Seng @ -yLO6kBeFp"" posts an ante of 3",2023-04-08T18:33:34.813Z,168097881481306
"""Charlie @ t_DJrn6N80"" posts an ante of 3",2023-04-08T18:33:34.813Z,168097881481305
"Your hand is Q♠, 9♠",2023-04-08T18:33:34.813Z,168097881481304
"Player stacks: #4 ""Charlie @ t_DJrn6N80"" (1152) | #6 ""Mathew Seng @ -yLO6kBeFp"" (6848)",2023-04-08T18:33:34.813Z,168097881481302
"-- starting hand #9 (id: g48wn9cudtwj)  (No Limit Texas Hold'em) (dealer: ""Mathew Seng @ -yLO6kBeFp"") --",2023-04-08T18:33:34.813Z,168097881481301
"The player ""Ross @ LOERDmAtl8"" quits the game with a stack of 0.",2023-04-08T18:33:34.813Z,168097881481300
"-- ending hand #8 --",2023-04-08T18:33:28.801Z,168097880880101
"""Mathew Seng @ -yLO6kBeFp"" collected 3959 from pot with Three of a Kind, 10's (combination: 10♣, 10♥, 10♦, A♣, 7♣)",2023-04-08T18:33:28.801Z,168097880880100
"River: 4♥, 10♦, A♣, 6♦ [7♣]",2023-04-08T18:33:24.766Z,168097880476600
"""Ross @ LOERDmAtl8"" shows a A♥, 4♦.",2023-04-08T18:33:20.713Z,168097880071301
"""Mathew Seng @ -yLO6kBeFp"" shows a 10♣, 10♥.",2023-04-08T18:33:20.713Z,168097880071300
"""Mathew Seng @ -yLO6kBeFp"" calls 1435",2023-04-08T18:33:19.848Z,168097879984800
"""Ross @ LOERDmAtl8"" raises to 1435 and go all in",2023-04-08T18:33:18.585Z,168097879858500
"""Mathew Seng @ -yLO6kBeFp"" bets 450",2023-04-08T18:33:04.651Z,168097878465100
"Turn: 4♥, 10♦, A♣ [6♦]",2023-04-08T18:32:44.943Z,168097876494300
"""Ross @ LOERDmAtl8"" calls 450",2023-04-08T18:32:44.096Z,168097876409600
"""Mathew Seng @ -yLO6kBeFp"" raises to 450",2023-04-08T18:32:34.854Z,168097875485400
"""Ross @ LOERDmAtl8"" raises to 160",2023-04-08T18:32:12.923Z,168097873292300
"""Mathew Seng @ -yLO6kBeFp"" bets 63",2023-04-08T18:32:04.451Z,168097872445100
"Flop:  [4♥, 10♦, A♣]",2023-04-08T18:31:49.169Z,168097870916900
"""Ross @ LOERDmAtl8"" calls 90",2023-04-08T18:31:48.354Z,168097870835400
"""Mathew Seng @ -yLO6kBeFp"" raises to 90",2023-04-08T18:31:45.309Z,168097870530900
"""Charlie @ t_DJrn6N80"" folds",2023-04-08T18:31:29.785Z,168097868978500
"""Ross @ LOERDmAtl8"" posts a big blind of 30",2023-04-08T18:31:28.276Z,168097868827612
"""Mathew Seng @ -yLO6kBeFp"" posts a small blind of 15",2023-04-08T18:31:28.276Z,168097868827611
"""Ross @ LOERDmAtl8"" posts an ante of 3",2023-04-08T18:31:28.276Z,168097868827610
"""Mathew Seng @ -yLO6kBeFp"" posts an ante of 3",2023-04-08T18:31:28.276Z,168097868827609
"""Charlie @ t_DJrn6N80"" posts an ante of 3",2023-04-08T18:31:28.276Z,168097868827608
"Your hand is 10♣, 10♥",2023-04-08T18:31:28.276Z,168097868827606
"Player stacks: #4 ""Charlie @ t_DJrn6N80"" (1155) | #6 ""Mathew Seng @ -yLO6kBeFp"" (4867) | #10 ""Ross @ LOERDmAtl8"" (1978)",2023-04-08T18:31:28.276Z,168097868827604
"-- starting hand #8 (id: xkznzjpjypcp)  (No Limit Texas Hold'em) (dealer: ""Charlie @ t_DJrn6N80"") --",2023-04-08T18:31:28.276Z,168097868827603
"The game's ante was changed from 2 to 3.",2023-04-08T18:31:28.276Z,168097868827602
"The game's big blind was changed from 20 to 30.",2023-04-08T18:31:28.276Z,168097868827601
"The game's small blind was changed from 10 to 15.",2023-04-08T18:31:28.276Z,168097868827600
"-- ending hand #7 --",2023-04-08T18:31:25.276Z,168097868527602
"""Mathew Seng @ -yLO6kBeFp"" collected 26 from pot",2023-04-08T18:31:25.276Z,168097868527601
"Uncalled bet of 10 returned to ""Mathew Seng @ -yLO6kBeFp""",2023-04-08T18:31:25.276Z,168097868527600
"""Charlie @ t_DJrn6N80"" folds",2023-04-08T18:31:24.468Z,168097868446800
"""Ross @ LOERDmAtl8"" folds",2023-04-08T18:31:19.708Z,168097867970800
"""Mathew Seng @ -yLO6kBeFp"" posts a big blind of 20",2023-04-08T18:31:15.468Z,168097867546809
"""Charlie @ t_DJrn6N80"" posts a small blind of 10",2023-04-08T18:31:15.468Z,168097867546808
"""Ross @ LOERDmAtl8"" posts an ante of 2",2023-04-08T18:31:15.468Z,168097867546807
"""Mathew Seng @ -yLO6kBeFp"" posts an ante of 2",2023-04-08T18:31:15.468Z,168097867546806
"""Charlie @ t_DJrn6N80"" posts an ante of 2",2023-04-08T18:31:15.468Z,168097867546805
"Your hand is 5♣, 9♥",2023-04-08T18:31:15.468Z,168097867546803
"Player stacks: #4 ""Charlie @ t_DJrn6N80"" (1167) | #6 ""Mathew Seng @ -yLO6kBeFp"" (4853) | #10 ""Ross @ LOERDmAtl8"" (1980)",2023-04-08T18:31:15.468Z,168097867546801
"-- starting hand #7 (id: wrkgoyr90h5u)  (No Limit Texas Hold'em) (dealer: ""Ross @ LOERDmAtl8"") --",2023-04-08T18:31:15.468Z,168097867546800
"-- ending hand #6 --",2023-04-08T18:31:12.551Z,168097867255102
"""Ross @ LOERDmAtl8"" collected 46 from pot",2023-04-08T18:31:12.551Z,168097867255101
"Uncalled bet of 30 returned to ""Ross @ LOERDmAtl8""",2023-04-08T18:31:12.551Z,168097867255100
"""Charlie @ t_DJrn6N80"" folds",2023-04-08T18:31:11.687Z,168097867168700
"""Ross @ LOERDmAtl8"" raises to 50",2023-04-08T18:31:10.806Z,168097867080600
"""Mathew Seng @ -yLO6kBeFp"" folds",2023-04-08T18:31:03.892Z,168097866389200
"""Charlie @ t_DJrn6N80"" posts a big blind of 20",2023-04-08T18:30:42.975Z,168097864297509
"""Ross @ LOERDmAtl8"" posts a small blind of 10",2023-04-08T18:30:42.975Z,168097864297508
"""Ross @ LOERDmAtl8"" posts an ante of 2",2023-04-08T18:30:42.975Z,168097864297507
"""Mathew Seng @ -yLO6kBeFp"" posts an ante of 2",2023-04-08T18:30:42.975Z,168097864297506
"""Charlie @ t_DJrn6N80"" posts an ante of 2",2023-04-08T18:30:42.975Z,168097864297505
"Your hand is K♦, 3♣",2023-04-08T18:30:42.975Z,168097864297503
"Player stacks: #4 ""Charlie @ t_DJrn6N80"" (1189) | #6 ""Mathew Seng @ -yLO6kBeFp"" (4855) | #10 ""Ross @ LOERDmAtl8"" (1956)",2023-04-08T18:30:42.975Z,168097864297501
"-- starting hand #6 (id: oq1khbhd39wv)  (No Limit Texas Hold'em) (dealer: ""Mathew Seng @ -yLO6kBeFp"") --",2023-04-08T18:30:42.975Z,168097864297500
"-- ending hand #5 --",2023-04-08T18:30:40.019Z,168097864001902
"""Charlie @ t_DJrn6N80"" collected 56 from pot",2023-04-08T18:30:40.019Z,168097864001901
"Uncalled bet of 40 returned to ""Charlie @ t_DJrn6N80""",2023-04-08T18:30:40.019Z,168097864001900
"""Ross @ LOERDmAtl8"" folds",2023-04-08T18:30:39.184Z,168097863918400
"""Mathew Seng @ -yLO6kBeFp"" folds",2023-04-08T18:30:34.041Z,168097863404100
"""Charlie @ t_DJrn6N80"" raises to 60",2023-04-08T18:30:32.584Z,168097863258400
"""Ross @ LOERDmAtl8"" posts a big blind of 20",2023-04-08T18:30:30.355Z,168097863035509
"""Mathew Seng @ -yLO6kBeFp"" posts a small blind of 10",2023-04-08T18:30:30.355Z,168097863035508
"""Ross @ LOERDmAtl8"" posts an ante of 2",2023-04-08T18:30:30.355Z,168097863035507
"""Mathew Seng @ -yLO6kBeFp"" posts an ante of 2",2023-04-08T18:30:30.355Z,168097863035506
"""Charlie @ t_DJrn6N80"" posts an ante of 2",2023-04-08T18:30:30.355Z,168097863035505
"Your hand is 6♠, 2♥",2023-04-08T18:30:30.355Z,168097863035503
"Player stacks: #4 ""Charlie @ t_DJrn6N80"" (1155) | #6 ""Mathew Seng @ -yLO6kBeFp"" (4867) | #10 ""Ross @ LOERDmAtl8"" (1978)",2023-04-08T18:30:30.355Z,168097863035501
"-- starting hand #5 (id: 7c9wkzd5luyi)  (No Limit Texas Hold'em) (dealer: ""Charlie @ t_DJrn6N80"") --",2023-04-08T18:30:30.355Z,168097863035500
"-- ending hand #4 --",2023-04-08T18:30:27.406Z,168097862740602
"""Ross @ LOERDmAtl8"" collected 116 from pot",2023-04-08T18:30:27.406Z,168097862740601
"Uncalled bet of 58 returned to ""Ross @ LOERDmAtl8""",2023-04-08T18:30:27.406Z,168097862740600
"""Mathew Seng @ -yLO6kBeFp"" folds",2023-04-08T18:30:26.592Z,168097862659200
"""Ross @ LOERDmAtl8"" bets 58",2023-04-08T18:30:10.783Z,168097861078300
"""Mathew Seng @ -yLO6kBeFp"" checks",2023-04-08T18:30:04.650Z,168097860465000
"Flop:  [4♦, K♠, 10♥]",2023-04-08T18:30:02.589Z,168097860258900
"""Mathew Seng @ -yLO6kBeFp"" calls 50",2023-04-08T18:30:01.742Z,168097860174200
"The player ""IPA @ ch9GmABv_d"" passed the room ownership to ""Ross @ LOERDmAtl8"".",2023-04-08T18:29:51.310Z,168097859131000
"""Charlie @ t_DJrn6N80"" folds",2023-04-08T18:29:50.468Z,168097859046800
"""Ross @ LOERDmAtl8"" raises to 50",2023-04-08T18:29:49.522Z,168097858952200
"""Mathew Seng @ -yLO6kBeFp"" posts a big blind of 20",2023-04-08T18:29:45.104Z,168097858510409
"""Charlie @ t_DJrn6N80"" posts a small blind of 10",2023-04-08T18:29:45.104Z,168097858510408
"""Ross @ LOERDmAtl8"" posts an ante of 2",2023-04-08T18:29:45.104Z,168097858510407
"""Mathew Seng @ -yLO6kBeFp"" posts an ante of 2",2023-04-08T18:29:45.104Z,168097858510406
"""Charlie @ t_DJrn6N80"" posts an ante of 2",2023-04-08T18:29:45.104Z,168097858510405
"Your hand is 6♠, J♠",2023-04-08T18:29:45.104Z,168097858510403
"Player stacks: #4 ""Charlie @ t_DJrn6N80"" (1167) | #6 ""Mathew Seng @ -yLO6kBeFp"" (4919) | #10 ""Ross @ LOERDmAtl8"" (1914)",2023-04-08T18:29:45.104Z,168097858510401
"-- starting hand #4 (id: y2pwytsoj7q2)  (No Limit Texas Hold'em) (dealer: ""Ross @ LOERDmAtl8"") --",2023-04-08T18:29:45.104Z,168097858510400
"-- ending hand #3 --",2023-04-08T18:29:39.096Z,168097857909603
"""Charlie @ t_DJrn6N80"" shows a J♣, 3♣.",2023-04-08T18:29:39.096Z,168097857909602
"""Mathew Seng @ -yLO6kBeFp"" collected 1250 from pot with Two Pair, Q's & 9's (combination: Q♠, Q♥, 9♥, 9♣, K♥)",2023-04-08T18:29:39.096Z,168097857909601
"""Mathew Seng @ -yLO6kBeFp"" shows a Q♠, K♥.",2023-04-08T18:29:39.096Z,168097857909600
"""Mathew Seng @ -yLO6kBeFp"" checks",2023-04-08T18:29:38.274Z,168097857827400
"""Charlie @ t_DJrn6N80"" checks",2023-04-08T18:29:09.655Z,168097854965500
"River: 9♥, 9♣, Q♥, 6♣ [3♦]",2023-04-08T18:28:51.605Z,168097853160500
"""Mathew Seng @ -yLO6kBeFp"" calls 431",2023-04-08T18:28:50.778Z,168097853077800
"""Charlie @ t_DJrn6N80"" bets 431",2023-04-08T18:28:31.082Z,168097851108200
"Turn: 9♥, 9♣, Q♥ [6♣]",2023-04-08T18:28:23.371Z,168097850337100
"""Mathew Seng @ -yLO6kBeFp"" calls 136",2023-04-08T18:28:22.562Z,168097850256200
"""Charlie @ t_DJrn6N80"" raises to 136",2023-04-08T18:28:04.739Z,168097848473900
"""Mathew Seng @ -yLO6kBeFp"" bets 38",2023-04-08T18:27:59.856Z,168097847985600
"""Charlie @ t_DJrn6N80"" checks",2023-04-08T18:27:46.960Z,168097846696000
"Flop:  [9♥, 9♣, Q♥]",2023-04-08T18:27:45.138Z,168097846513800
"""Charlie @ t_DJrn6N80"" calls 50",2023-04-08T18:27:44.307Z,168097846430700
"""Ross @ LOERDmAtl8"" folds",2023-04-08T18:27:43.021Z,168097846302100
"""Mathew Seng @ -yLO6kBeFp"" raises to 50",2023-04-08T18:27:38.971Z,168097845897100
"""Charlie @ t_DJrn6N80"" posts a big blind of 20",2023-04-08T18:27:19.741Z,168097843974109
"""Ross @ LOERDmAtl8"" posts a small blind of 10",2023-04-08T18:27:19.741Z,168097843974108
"""Ross @ LOERDmAtl8"" posts an ante of 2",2023-04-08T18:27:19.741Z,168097843974107
"""Mathew Seng @ -yLO6kBeFp"" posts an ante of 2",2023-04-08T18:27:19.741Z,168097843974106
"""Charlie @ t_DJrn6N80"" posts an ante of 2",2023-04-08T18:27:19.741Z,168097843974105
"Your hand is Q♠, K♥",2023-04-08T18:27:19.741Z,168097843974103
"Player stacks: #4 ""Charlie @ t_DJrn6N80"" (1786) | #6 ""Mathew Seng @ -yLO6kBeFp"" (4288) | #10 ""Ross @ LOERDmAtl8"" (1926)",2023-04-08T18:27:19.741Z,168097843974101
"-- starting hand #3 (id: zqnkwlttmsom)  (No Limit Texas Hold'em) (dead button) --",2023-04-08T18:27:19.741Z,168097843974100
"-- ending hand #2 --",2023-04-08T18:27:16.829Z,168097843682902
"""Mathew Seng @ -yLO6kBeFp"" collected 146 from pot",2023-04-08T18:27:16.829Z,168097843682901
"Uncalled bet of 109 returned to ""Mathew Seng @ -yLO6kBeFp""",2023-04-08T18:27:16.829Z,168097843682900
"""Ross @ LOERDmAtl8"" folds",2023-04-08T18:27:16.025Z,168097843602500
"""Mathew Seng @ -yLO6kBeFp"" bets 109",2023-04-08T18:27:09.969Z,168097842996900
"""Ross @ LOERDmAtl8"" checks",2023-04-08T18:26:50.101Z,168097841010100
"Turn: K♣, 4♠, 10♠ [9♣]",2023-04-08T18:26:46.917Z,168097840691700
"""Mathew Seng @ -yLO6kBeFp"" calls 20",2023-04-08T18:26:46.086Z,168097840608600
"""Ross @ LOERDmAtl8"" bets 20",2023-04-08T18:26:31.849Z,168097839184900
"Flop:  [K♣, 4♠, 10♠]",2023-04-08T18:26:25.780Z,168097838578000
"""Ross @ LOERDmAtl8"" calls 50",2023-04-08T18:26:24.973Z,168097838497300
"""Mathew Seng @ -yLO6kBeFp"" raises to 50",2023-04-08T18:26:21.955Z,168097838195500
"""Charlie @ t_DJrn6N80"" folds",2023-04-08T18:26:04.282Z,168097836428200
"""Ross @ LOERDmAtl8"" posts a big blind of 20",2023-04-08T18:25:56.524Z,168097835652410
"Dead Small Blind",2023-04-08T18:25:56.524Z,168097835652409
"""Ross @ LOERDmAtl8"" posts an ante of 2",2023-04-08T18:25:56.524Z,168097835652408
"""Mathew Seng @ -yLO6kBeFp"" posts an ante of 2",2023-04-08T18:25:56.524Z,168097835652407
"""Charlie @ t_DJrn6N80"" posts an ante of 2",2023-04-08T18:25:56.524Z,168097835652406
"Your hand is 9♥, 9♠",2023-04-08T18:25:56.524Z,168097835652404
"Player stacks: #4 ""Charlie @ t_DJrn6N80"" (1788) | #6 ""Mathew Seng @ -yLO6kBeFp"" (4214) | #10 ""Ross @ LOERDmAtl8"" (1998)",2023-04-08T18:25:56.524Z,168097835652402
"-- starting hand #2 (id: yxjazrdegbyr)  (No Limit Texas Hold'em) (dealer: ""Mathew Seng @ -yLO6kBeFp"") --",2023-04-08T18:25:56.524Z,168097835652401
"The player ""brooks @ UX7BSqTzYr"" quits the game with a stack of 0.",2023-04-08T18:25:56.524Z,168097835652400
"-- ending hand #1 --",2023-04-08T18:25:50.509Z,168097835050901
"""Mathew Seng @ -yLO6kBeFp"" collected 4214 from pot with Pair, J's (combination: J♥, J♠, 10♠, 8♥, 7♠)",2023-04-08T18:25:50.509Z,168097835050900
"River: 7♠, 6♦, 3♦, 8♥ [10♠]",2023-04-08T18:25:46.403Z,168097834640300
"""brooks @ UX7BSqTzYr"" shows a Q♦, J♦.",2023-04-08T18:25:42.381Z,168097834238101
"""Mathew Seng @ -yLO6kBeFp"" shows a J♥, J♠.",2023-04-08T18:25:42.381Z,168097834238100
"""brooks @ UX7BSqTzYr"" calls 1576 and go all in",2023-04-08T18:25:41.550Z,168097834155000
"""Mathew Seng @ -yLO6kBeFp"" raises to 1576 and go all in",2023-04-08T18:25:30.286Z,168097833028600
"""brooks @ UX7BSqTzYr"" raises to 888",2023-04-08T18:25:11.554Z,168097831155400
"""Mathew Seng @ -yLO6kBeFp"" bets 444",2023-04-08T18:24:58.840Z,168097829884000
"Turn: 7♠, 6♦, 3♦ [8♥]",2023-04-08T18:24:37.764Z,168097827776400
"""Charlie @ t_DJrn6N80"" folds",2023-04-08T18:24:36.918Z,168097827691800
"""brooks @ UX7BSqTzYr"" calls 212",2023-04-08T18:24:36.049Z,168097827604900
"""Mathew Seng @ -yLO6kBeFp"" bets 212",2023-04-08T18:24:26.351Z,168097826635100
"Flop:  [7♠, 6♦, 3♦]",2023-04-08T18:24:06.325Z,168097824632500
"""Charlie @ t_DJrn6N80"" calls 210",2023-04-08T18:24:05.514Z,168097824551400
"""brooks @ UX7BSqTzYr"" calls 210",2023-04-08T18:23:51.075Z,168097823107500
"""Mathew Seng @ -yLO6kBeFp"" raises to 210",2023-04-08T18:23:48.472Z,168097822847200
"""Charlie @ t_DJrn6N80"" raises to 49",2023-04-08T18:23:32.397Z,168097821239700
"""Ross @ LOERDmAtl8"" folds",2023-04-08T18:23:27.111Z,168097820711100
"""brooks @ UX7BSqTzYr"" posts a big blind of 20",2023-04-08T18:23:22.891Z,168097820289115
"""Mathew Seng @ -yLO6kBeFp"" posts a small blind of 10",2023-04-08T18:23:22.891Z,168097820289114
"""Ross @ LOERDmAtl8"" posts an ante of 2",2023-04-08T18:23:22.891Z,168097820289113
"""brooks @ UX7BSqTzYr"" posts an ante of 2",2023-04-08T18:23:22.891Z,168097820289112
"""Mathew Seng @ -yLO6kBeFp"" posts an ante of 2",2023-04-08T18:23:22.891Z,168097820289111
"""Charlie @ t_DJrn6N80"" posts an ante of 2",2023-04-08T18:23:22.891Z,168097820289110
"Your hand is J♥, J♠",2023-04-08T18:23:22.891Z,168097820289107
"Player stacks: #4 ""Charlie @ t_DJrn6N80"" (2000) | #6 ""Mathew Seng @ -yLO6kBeFp"" (2000) | #9 ""brooks @ UX7BSqTzYr"" (2000) | #10 ""Ross @ LOERDmAtl8"" (2000)",2023-04-08T18:23:22.891Z,168097820289105
"The player ""Ross @ LOERDmAtl8"" joined the game with a stack of 2000.",2023-04-08T18:23:22.891Z,168097820289104
"The player ""brooks @ UX7BSqTzYr"" joined the game with a stack of 2000.",2023-04-08T18:23:22.891Z,168097820289103
"The player ""Mathew Seng @ -yLO6kBeFp"" joined the game with a stack of 2000.",2023-04-08T18:23:22.891Z,168097820289102
"The player ""Charlie @ t_DJrn6N80"" joined the game with a stack of 2000.",2023-04-08T18:23:22.891Z,168097820289101
"-- starting hand #1 (id: arv3bssyxdqc)  (No Limit Texas Hold'em) (dealer: ""Charlie @ t_DJrn6N80"") --",2023-04-08T18:23:22.891Z,168097820289100
"The admin approved the player ""Mathew Seng @ -yLO6kBeFp"" participation with a stack of 2000.",2023-04-08T18:22:04.380Z,168097812438000
"The player ""Mathew Seng @ -yLO6kBeFp"" requested a seat.",2023-04-08T18:21:58.023Z,168097811802300
"The admin approved the player ""Charlie @ t_DJrn6N80"" participation with a stack of 2000.",2023-04-08T18:21:08.534Z,168097806853400
"The player ""Charlie @ t_DJrn6N80"" requested a seat.",2023-04-08T18:19:45.178Z,168097798517800
"The admin approved the player ""Ross @ LOERDmAtl8"" participation with a stack of 2000.",2023-04-08T18:16:09.260Z,168097776926000
"The admin approved the player ""brooks @ UX7BSqTzYr"" participation with a stack of 2000.",2023-04-08T18:16:07.966Z,168097776796600
"The player ""Ross @ LOERDmAtl8"" requested a seat.",2023-04-08T18:13:53.153Z,168097763315300
"The player ""brooks @ UX7BSqTzYr"" requested a seat.",2023-04-08T18:12:38.560Z,168097755856000
"The game's ante was changed from 0 to 2.",2023-04-08T18:11:42.204Z,168097750220400
